nW_1gn19lMnS9IF1KlZ-aA,312
HfFOfskD6KmCwwZTapAwGA,1737
cSA2pB43cv71ffdIvaEodA,2344
ZxGg3JpHVryyPSVpQHdLvQ,2737
U2hhSRVHfBryKPNTgasprA,207
cN4gmlntyQ-maTW4PdT-Kw,1793
WEqppm3f_XWwUE58luAHNQ,2026
kxDGexkbP30fBvxVI0CzFQ,304
DVYTS0ZLO-3ClAhMd99VYA,1920
4BcXBxadXP8UHUb2CBt2jA,2671
0bIAt8OIgdBh-cl5t0E3pg,2852
oinZM9-d2n5NvGuxvatDWA,582
DlCtdbceo4YNSI53cCL2lg,26
0QEpZi6AelUOXfk3-lCd1A,2563
Xq9tkiHhyN_aBFswFeGLvA,1972
4hNjK7TpXjb86rfLDvL1lA,2192
pwpl-rxwNRQdgqFz_-qMPg,1606
t2fYJQX4V7tFezUCaW2Gsw,2708
m1QuUNMkycDdiogLHikaEg,2167
bLFeZ84rAJdflY1Hu60_vw,1727
_2DT03K8fWh82Y9tBVYMKQ,1971
Yrjj_LCy_bPD_PINGjhdng,1188
7g8VWreWx4zoUzQcgF4pTw,1764
PxeX1M8WtyPxX1MuuGIh-g,136
0BXtWaDWN6Lh7T8mbbZniw,2465
pzJCv-ixgSL_z-46F74XrA,1117
VCCOmfNKYif3GA0YwsnoVg,780
=-mz0Zr0Dw6ZASg7_ah1R8A,590
UxMnY3Dxafucv5cXHyfBSA,203
Oi_OT6erHvm6lb_D8bwslw,2291
tts50qycF0LDaIc_zmf32A,2878
VlfBIVmtmGYkTq1xbdBIDw,671
3xEB9FyFXolq1b_Qn_BFtg,104
WyJuGTwFwoN0k8iX8FsqYw,79
b-t3nNmRw6alKw4aSqAgPg,2239
EqyNGesG22jNfNT5pmfYgw,823
YVk2L8pijsuNbaf7_Lm5iA,2834
daybz5OrNiTuCrLv_ukYzg,1312
2Yn5IgbAOtc7_bT0g47bQA,473
O8OU3j2fsKbDG26UFVmvig,2423
bzDs0u8I-z231QVdIQWkrA,1339
CC8Gn5h28utxP8i9zGorKQ,1344
6GNi9_zkTIHXosttQbKr_A,430
DIYHTgM-YGKWOWLzQ4XVhA,364
Rvd5fGybj83Brgm-S-QT1Q,2267
JSX7i-cfoixVtnCx4BNb1g,606
=-Dpp6uTdNmVCrX5GGJhk1w,2911
q5Vz6JNAGDqAT_P1lB1jVg,370
TqVjy0dxvNh51BF9KePCoQ,928
v6zRA0WqOODJjmpvstrpGQ,1254
OL9p2tme85Sd3d8mCiSOxw,1412
Bqs7_QlIF5hHt7_HyZYO8w,1586
NTgVdfRLbU0aKJH_9h3VCw,482
c8cEpefbp7-aSekeFNejKQ,2841
yCQ2KC8OETCyQDCRw7mXrg,1450
IuYs9ys6bwhK-s2_sUKsbQ,1624
QSGWo371BmBLj2Lw3zIXZQ,2203
3N3p2ty2803UH7JRJvzjhQ,2439
cuLVubarNFQ7VjpT5k7DEQ,2323
C0Oax-LBEFf0mmPSugymEQ,851
ykfTh6HI219NoMsWBxulxw,58
7pj0w2wN4LWhvTCPz78h1Q,426
yVQiGdxmnrkJDyQXv2maNA,1640
_nypuc5Ke462rFWKoZ_bDw,462
PEHJjxdw11TGFma9Zhz3ng,80
CMI3SF1-YwAEfUXYkKS53Q,1418
NLVcGseUhgQdABs1mIYk8g,1935
lALgiZDtmJKwxUGVai5ftw,2229
4al-jj2H4VAbTx08jKGPVw,2442
QlEU-1VCqJbTzSf8mFAZUg,1366
qAoEqSC159roNY8XT3wXWQ,2648
6_QjplxfPda-CxP_hAWj9g,1355
qdI9KaRhOzaJRK0dvGUSaw,408
ycFghD0OZyf9i4mRkD6o6Q,876
IPsG_71MD8pwB9i3TKOJYg,1296
B2UwY6nbXC-N1YParGE5nw,872
fWjyVcu7IP3hl6u5VG2RQw,1392
rlK6fzjSQg8SVF0wGsPQ1Q,2314
oR7pfPCV5UAh8hahzFjnaA,2456
rAb_wfdKKPPbcIysjYcW4A,94
UP2q2tgENTaFXkJycJiIvQ,2149
57OvuRJNh9XiaMYXYkmCLg,2811
FzKvQFDbB2bimdftxMO55Q,348
rGHktXbee4CErLsMrPqbrA,318
k2PZF9fFbHB7zYGiipgM3A,2508
C7utE_DN2kgE-68_VF8ftw,1360
VbXy3tH5RAu7HjT7VeMMgA,1648
EDIhEegxgXva7jWoJzL1FA,2458
lPtTXn7_VOwqypZs07j2nA,769
NBwPgX7L2D-EZedgo3A-pw,1550
8cL7aJVKTYmLguzXEAS3Lw,1075
WzbFGc_YmDeCuRWDrGCNKQ,1324
2DOJ2GyphXQf_f3OKJEPzw,1031
H83uIqLKcOSFcmJhXmc-lA,2132
r8CwFUEQtL8gAT9KHnNhuw,1643
BGtv0z3JbjpvnNRp3zM-Qw,2647
A-8Q15fZHKGn3dLjazNwHw,445
qsWxbgQwuomXvMseg23DGg,25
TRI4ZCk8caJckKkGTvzpIQ,2309
XIeteOw2pKgLiOP6_VzWzA,718
SBMz9sXkko_-fxM1jkGG1w,2246
SAEr_2rJLNFr3aPv0DlSWg,1502
BYUuTblhSh862AefQyJIWQ,2893
tbrFsCEUuq2S5lraOln4nQ,2098
RWTE0VWMs6i-JIaBRc9JZw,1020
tyHtzC4k-MvsTZOBZ8YaWw,1906
sMD2HPNh7m0hgCxHDzGTzQ,260
FBLVOwO9Ks4t2U0e0mF7HA,2062
hVDo35_OySCeFWYLFKM7WQ,881
Bc5bgPG1MlTc75G0A-_7fg,975
rwT9wCyXNATA36yqcb4JSg,292
PwtYeGu-19v9bU4nbP9UbA,598
XKR4_JUjUVPN95jMe9my1A,1796
ldIxXmxD3Cku0vODGYb9dQ,53
0YCV8260mMgN0PxuzAtO3g,1126
RMzvWjF3K6GSnwBdRl-_ow,1901
VWcaFOSFcDwmFquycBzFyQ,223
6lcay-E_ssmzpGanKbColg,2012
gvSB2TlcxAOs_ppZ44iirg,2017
5Yz_wS2tF_DrBQ9UMWeb4w,2807
5-X03Zc0nN7U5eoe8uFUdw,66
k2VWmgtAOT1kMHUWrYhrAw,1402
Po46YYAw1g-tH2ReFtkoiA,1731
1udzLbeQxmLTbOtgyVP0kQ,2294
=-ftQeUsqwDkExRg6IYrubQ,1353
ugzYgcgArt7fZMkE3M0IUg,2677
Bv3g-9R5wUevZPP0jzihqg,457
JzKG_Upd49TVOneDmesELw,1215
cpfqZ_968LCuIyHJ3X46NQ,2176
SQ7MWe4iDbvhuVcBpCar9A,497
VFjeCLwVMguUNWH-DeOgyw,1015
NxyPHhZRSwPFYr1HZCLG0w,2361
w96i8rUWqwWCQ469THDcSw,2641
gnjc6c1ToovBR4D22P34-Q,1786
Rj5gyaRIIwDX_OJa1LlE4A,2093
Qchl3BUVrwGM7h8Qduw6Aw,1488
BojnLUPz5IzZKyQocGc7uw,1448
soiGohHtWOltGeomkSxzEw,966
lDpZvI18smqlyBeC4YykFA,385
CP0m_Y4VxX7q0BcBmXKkuw,2843
YBVQik4ySvAlvxobuFcXDA,923
Snu39WyiChz0NwFWRMyUvQ,371
cAdSoJelw99xvyu80ex_hg,1797
XmDiFI8SuougNUi02ZCdwA,2041
M_GnuvRXvWBl3YNxH-GYFg,2170
I20sRbcEK8Ib1YFQFMoERg,612
i0W4TZcoRbOYeRfDfQEX8g,1719
ydnc0p_oPL80BBKJNZGw_Q,386
DEEAiq6dqVU8bvtC7VXztA,333
xmjv8g356v8Qo55ICjG8rg,1079
_ISHH8x8Qe6IoVTQWegbpQ,1884
KVq-1WEJNKK2NqFC7nUoRg,619
bBbzOAtmmgdou5lCFEKr9w,1463
4FS5otEktCyI1aDpg_h03g,1077
vSWEXsXmJw5ozuF4zqE9ng,592
_FXql6eVhbM923RdCi94SA,1662
TCqkBVN84Ek0oLmZGAX5xA,994
kvRA6hu6FC51vBKY7Kp9GQ,1371
qbEJeRvytnBo5BGG1R5kGg,2245
t_0576Esa58pcLHCEpj31A,1307
3FhHnU7Mq8KcyWiWKH0RzA,1641
vKSyuGH08YJuJYbP3o_PXw,943
Wns0UP_28xk6uZ-b6LrMnQ,1122
BpSLpzq_NRYghGSsb10G3A,1379
Mfa0aFvpjQ5llU3dq71i6Q,818
osDpkzrbZr_CgvMk4hyHog,2840
7XfT2w9Eb2Xbu-iP4xulPQ,583
ikuXlYpFsaEs2xlvlopxQw,2011
CAhyiTcoGeAqaP018FX0cQ,714
wccFOUVaqeNBRaY27wOCyg,2083
edjCywtqffQ8__vM7POZbw,238
DlLduXXSwjkm7OL4Z1iH1A,359
J1SyE2sa9WHPHm-aOSl3fg,2218
c0_xuxaKn6ZN20et9jpNFg,1116
i213sY5rhkfCO8cD-FPr1A,1320
TfTlOE6h9E9o34dEkw9L_w,1357
IdnYOlL9aDfMu_S2kcaUkQ,1821
CjFaf6r6iP1xcKcChKDgKA,1552
OA0FMNWuCcDSQJXLJTYbbw,1808
o3TruOSgOwNgx08QosuWTw,195
gPCUIvpMCXVDRqszO8v69w,2000
GIG-c0WT3b5f8CdtkyQ9yw,1767
FUco3_g-dFpXOCPta0Xmeg,2187
b1aTHVkqCa4kZITbu9khtA,1045
JrHeLDbryXm0aJH61d0iyw,2691
=-yPdEze6bYRV2Sm1t4XJhg,187
yJr24Yy1K6bt2G9fX3_zPA,252
vurk3jST-KeVPcK5tl6YGA,1507
JEreQgso7MH_Io3DXGsEOw,1508
hGY56ArtjZTbB5vIroixVw,2853
RC68WRDA9oWDeUm9SWoMlQ,1735
WPmamMTGAmNYXGoXW1mWyQ,1300
j0pznV0Lf0grFBQq-tL_qw,1349
w19cemjVR8u02PgjFpJ7Mw,1095
Ro90_-YiNxQ7ncm6CiEQww,2879
DmkTDze8ruJr6o2f5GAvJA,1432
A6OstDz-flrI84-EW8aILg,1596
ZlvVCqFKTMK4rBkTQzVBpA,2119
oWb5JjxoPaFSmpGwJ3-Ntg,1387
UK2LezJRdrNkmF_TH__rCg,1702
G5YoNb199FPXNhcBhBl2Mw,2813
vvA3fbps4F9nGlAEYKk_sA,216
hZRLGfRrZTo9up2P-0aAHg,1839
Zw5l7DIBS8STNg1GRAaK6Q,2886
RQnw-0PLiC0HsstKrpF9Cw,895
ntJAKLAq0cXzzdFgPoo0Iw,153
nckQIGiiUxztAQ2Boo6Tlw,2190
GbEOmf5k73r_UJWjchrHOg,2127
7y_iO-UwcndnqrfaNyeEFw,2782
yqf2W94EzRED-mUAHSiKzw,2790
B8ujMtvvpHyEQ2r_QlAT2w,964
kPh2gPvd8moVx6gNf2iHsA,1017
po5FyERB4lUZNnBIwnhFlg,76
MQjBx1iVmIz6uI9T0DIkKw,773
MDtjD14H1sGLc4tSg0sUhw,2285
MWPvJ4kDuHIdu26Gs7T_2Q,2732
2bFBzziB3_yTGYcUerd9nw,1186
8gwpcfNmyWauK4rU8YG7rg,2186
g4Eit1EeeEGhTVik6AWYsA,107
Fd0mINs0v_cma-ORPDBQSQ,555
yeLq-452CkaKw1ynn0nRNw,1382
JUXPQQshoOV5LUKLtCrOtw,2074
-b_VjHZmA7-8LVWp6z36VA,454
TaRIGRKP0H_deKJ4HzTJ_Q,2694
P8YUA2bXP-wD3VOzWqKVyw,1574
iuQeSS7KY4zVNqdfHTVdTQ,1547
sZAzeccYUVPjlkrlMooV-g,1630
rFz_Pi87bpI3FDwKjnYqjQ,2863
O-ylVyHn6e6kaoJO-jHj-w,1022
G9LwkTSdKOyOGqd5BbuIkA,287
LtJmxo4ZozEyB8JVwltMkw,1927
VapdXuC8X-Q3T_wgA6yCAg,2522
vB3vEjcw9dfHmgP8ac5ZMQ,346
9f4cTpQh7E4HB1Tl8Hk72w,1740
4sE8irsM-l6Y-Npodmx9kA,360
r3r_bAfa6pZKIhQB82FizQ,1561
a4wVLeSHNSHyGGbanNuCUg,737
AtcthKiiImxkZAm3w8ACzA,1990
UPbkeVTJR6C-1I7sCuUrmw,1089
zfY68t7nVihCwiCsCgM6cw,1722
MzaFD7Av2F1btsSzacdROw,2897
0NlTmTzKYXbE6Hx2iGEb5A,1159
HRjDpeJOL02ZqwrYgtHV_A,751
Ghol-DNRu07ggBnN84ynzQ,2860
fE0zuDxZrJlQ7H91eY6UYA,2113
uflQ_lKBfS6WknNlm_HK8g,837
DIb64WfVqSJ_J9jqOP30pg,1140
=-_npP9XdyzILAjtFfX8UAQ,1295
2voFtcyopB3jJHepouMWDQ,1697
pa_Ft6pLLWo-w_iopBsu0g,752
5QOitecMgPwjT8RbUAQdig,868
Azczfb5mC4otyyXqjYsuzA,2608
fYSOdexjrBTiJRzKhZpBWA,815
4l3eeM1sOACwdJAz4UyIPQ,1102
WYvb0DRDhVR8kj7lYwtkVQ,1241
lq2iZK7epi23byzcejjqTg,503
nY2QBNMEfT3j68j-DHOGyg,763
jKLR4wAywvVcGtQnCLzoRw,2180
GXaNshYhaCehi-y1brddMA,1258
39oUcXr-06fcfT_MZ94z-Q,437
zUbPimyX-dT1SOyvdSYTTQ,1110
NTTxZVuSY0sV-YjzE0dR1A,1888
sWvfFtgSQCALAE_yPYVaTA,2416
e37EkihO4Zayy4e8U0eT7w,2882
HAMKYsgtJ6fEBUZzTMhZwA,757
ttLtsY1S2Angj6hvEdzwDQ,1558
jTS6_YWSXBw7cy9HhAjNZQ,849
DdGdLf6dM0-2Eszv3r8g2Q,2672
OkXpdUozVS3vjSRtCoSIvw,109
k_aOcqWOHWprjs7ykdzlAQ,1998
WPy74Udv6X8dgxK6F9uxCQ,367
qm0a4q481Sa7dugkzqRgjg,2710
w4NZRieE41M--lCZ5su0uw,850
Paxv-eS5fc5AkABCkdX1pA,1991
K7Kxz1FX-VLPflPJgqqbGQ,1599
zj0BkAi54BGU_AK6AyvJDQ,2242
2unQHR9uaRxk3dsW6f3MGA,87
MLcXtnpzygZvQ9BtseLLlw,488
VKxn7zmp8nOYT-ZHFZTjgA,62
W8Gjzs5mxSU9aA77l-V9fA,891
JLrAD5J7O0xIdtUHb21jvQ,1460
26rw3T8plfVshUlPCytqtg,2658
PVO1QrMnmRXNoyITgt3o4g,715
ayTBDjx-S7TH4maWKBiAFw,433
RiJ8Agrw__NG6flFL7BpbA,1709
tDbXsDOecrv46J7YR2-FNw,1910
eWiNE7Y8BIpvApHz4uviLw,2467
UYHa5iKUddnZrlxF7taI0Q,389
WS1z1OAR0tRl4FsjdTGUFQ,1827
I7IfnWW1nXljC4ZGqwPe-w,765
XbReB8Lbr16i27Er-wV_ng,2740
5niUestkeI0tBcBAv4SyKw,2155
0vzZ_Bcb02rJljeMU9XkBw,501
4y9s1y8WxumJB9ypewvXCA,1414
_RBUU1y4yJrK0SPAd8z0-w,78
PY1Wd9Vj7caMGt4u-t1t2w,2519
WLDWl3QyQCeZ7EnHxH6Pwg,2742
Zk584MLn3STVm1ZXpABSmA,2421
Any6WyiVNmgbnWLqoxPXgQ,2697
46xWJ6rKZxnrSLWro6EOlA,1950
zKlDTSmmvbxc5OHgqfQBtA,2917
ejfy33R1avFm7oygL34uQg,241
QGZiJsrHVKFO_B3GLkph8A,952
9beCQ1vPk4cFSJp8Sb5-8Q,1389
R9U8bZ84V-xPx3udCcU5jQ,1555
ICOh6n9OTeNei_rMDgTCpQ,2171
AVUpq52fSE9q3v9tO-i_3g,2509
oIXw9z-OuDlMDKUBPRny2w,2511
31Ix66CdEqyiNJ77XuoXyw,2531
5QqSj-bHH2b4Ao7FQO90hw,1777
jWuPCzdyM21_mBMwBhcXag,602
_CIodPGuvPP2khYkDk1jKw,2159
KIMWUnBSYzMraJSDHEGS0g,2819
jYtU-YTynMjgLRi2pYMwiA,691
RGFKaBRV_HO-ZJb_euKdhQ,2043
0ieEqGInYunNBaBzg8j_WQ,1000
Zx8_4zKdDBSO3qGrkukBIA,972
oABEe2gmsT-FiW1kGPVTOw,631
6WyRYIPsW51EaoFaht-I5A,1765
T2K-uBbU56bzGUuxs7ws5A,1855
cfHl2OGafkXzE0ipaU73Vw,2274
gsNmLT5qQTkcoeeXTETO3Q,2340
4tm9oc4zpm1jSBTjrXOJcg,2851
ltNqkloVH9PMyOW2WEMkKQ,2574
eyHjc5AhDp5mZWGA0QKgAg,2313
-0QBrNvhrPQCaeo7mTo0zQ,635
z0xEfgr1-lDqVatrX-rf-A,861
bcxb83VBtvOGmo6D1Xst_w,959
P7wKlbSRsoRrfH3DFOY08A,12
HNusESyB6lEgrf5IUwUr_g,150
kaIue7GRCmkPzDeHDBTttQ,15
kUGgkYxXxHDhD6mtpQdUNQ,121
VCQ3VvnVRhibTT8J61xWkw,32
GjvIDOEhdQB1oPrFeSpxBw,1352
hBHkHYOk_E-6EgObC6MTdQ,1428
FG7Js2aMD6NtMMRI0C8Arw,774
LbLVO7yqAJGEQ1nK6rEvHA,1054
cWBqZThx4RWNzPJbJ_oXOg,1400
2xzxF4Gp6qm47-AbKh8AYg,2859
_91nx0Tz61WQIX2fpS7wDQ,803
4WcxnNv_lzCIG2eb8O5Mlg,34
Lfm0zMACRFYpUZR_xGMYAQ,2038
4Hi-45RQRl2FOkPhEgNTnA,1714
4vjbifZf-JexWlPVwnDAYw,892
LXhL5X3edNRy7epku6UAEw,22
Tt6DYs0TyERWHWW5xiRL_A,1396
HmieoxfEuZT91ojxluadZg,753
ZgVT6Ui2pHgp0tqeIIJsPA,913
_8Y-XNHmQ76xmxUQIrn0sA,93
PCThdYd_AbJed9hGDzpyUQ,1196
UTQRh_HcacACelWiickUfA,2907
6FGwEHnoD-mM-PiXrhxOlw,1542
3E_toMWSUCuhRJzG1eml8Q,2092
5YAcdfhksYspetBRU2cxKA,1145
INMlF39JiK9buYVNUR6O7g,1955
d52zg-S0o940WUCK-nNiKw,431
OwHqwmHwswArpv3m3dlw_Q,1013
KG3jgM5yeGy_bN_GpHS6uA,942
2OZtiGEvLfAjfhC18m9Djw,2299
qT4w8n27RBQ_slz_FiK0CQ,2429
uu9jB1lTKUIogtkXzEAtJw,2548
BTQevHTP6Px-NytPZvsRNA,2913
rVO3RY-G7K5xZjV1UrEx6g,2667
uB_d4EZ6Jv1smugIhlIYhw,739
YaB2hKgWUaqAWnCA6YWD7g,716
wki-Qlp3OWgH0XtZ-Jz_WQ,41
vEV3p0lqODELUFQ9wzc0NQ,1167
WeoWPUzYWYV6qABorsedfw,2705
K8GqMhhVvz8pqq9F7sE-Sg,404
KPoTixdjoJxSqRSEApSAGg,4
xWKtOLuIOVGZprcpGiqpQA,594
ojjtPlnSmCX1zCzWL7JoNQ,1063
neQqbrgCqfrRjRaMY8iSGA,2764
3oZcTGb_oDHGwZFiP-7kxQ,985
3e00b3ic-7J7TcSklYVauw,358
wWIK4pP8eTVRiTQIUQ6O9Q,449
ff_QnODW0vqNWZPSTVQTsQ,750
Hn7f_Gh5ffvns_7nU4Wqxg,1372
1h88e48P845HXL4SVHzX0g,2850
VNAwZUh2pLSAn9oGpYBC7w,782
tpIU_ZvIfCfCp36IgghlHQ,1084
FUI-hWH_bpis7AKZTWenUQ,1010
b3UDdzVGS7iGeP378k9QTw,1165
zT6-dsC8HiDlQI6AjYuHRg,1619
avPNEqlXgyBvTXjb-ujQFA,52
SbieCdRBz33V_Hl0sU8HFg,1739
2n41w1fel0glITinZ25syQ,2263
6Z6bvIHGpPlwpkZAwfXT1w,2376
5wwlDMFu3johpzMPR1TWig,2521
XfVGU6WGZKc867spn2TImw,2436
aRkYtXfmEKYG-eTDf_qUsw,963
0xWF7PpTNl-awqg2YGxxFQ,1666
VZYMInkjRJVHwXVFqeoMWg,106
yYbd9P1KmlPSKmQxo68n_g,1861
3tk6Syyz5i967Ifuz_4o3w,779
pARpNmERH5UNb9Sa3XQ7vA,2286
QXWXLEVGeONoZHLmHuFemQ,1461
EOCQ5E0lakUyBvUH0L9--g,1150
o0eMi22c-6_uzQSkSOm1SA,2108
MXOdsPTLQPsQK9hUq01DWg,1604
NQepW13jaKEaADHUDOtkMg,2365
XU5Fb3TosXDUJcNRWQM5cA,1960
zZmhEpiVpRfFQid87-pcOQ,115
cM_Pgssgemse4PefTNnvrw,414
zp713qNhx8d9KCJJnrw1xA,1720
5xifvdfBHal_4KyZQGLktw,2217
K2_Hmmo5crTYWiT_1sWnfQ,240
ZJxs1L4oMhX9GW00ty0aAg,1023
QMN_F0PIReU6QbyEuGSYhg,1469
sclC_o1Ox5BjNupjaRTrBQ,993
flMu0Tz5RsaMzr6K8kg1EA,789
1uz7Z7gDFMu0IsXYDmflyg,859
0vjPlHp1eZPOyb-bcjp-9g,2491
Kkx7XMwkd8GdhWln1vEYkQ,2660
VnXDGjCxZ4p3OIxvKQOvRQ,1828
Gdmig8uYu5Mdfcgn0XsT3Q,2078
5XU8ys_TsulI-FJ5nzuNvg,1623
VXIkI9_EbDbYHeO9IzKjJg,61
nMHhuYan8e3cONo3PornJA,1878
P1R-DyUyBeWCvPKrRkglsQ,1311
sb3e1qE3uZ69Vnetdovw9A,1939
7DgmLU2buMeX9pEh6ZYNeA,2844
QxHM7gQ7RcRHjnmr63xQnQ,1464
eow0zY6TdViDnyJXXeOMwg,2822
7cP7WFmWiTVh-raIL3N_Vw,1041
oHwkJgs5Fi0HuUISgtz_Gw,2225
FEoPUi4XB8J8UHMfsGMV2g,2095
T5HYqRADhAL6VPRAacz74Q,170
vA8T8QXh78iSXhxShLNgQA,1024
JzoFgoeHRShw6BcMZVBA4w,1275
d3MxUXS1b6U2P_gGuCO1-A,1498
d98lzwtQOkJqtNW9M9DORg,2728
ZKHmSv7CqjlmeM7VSUnmcg,2704
ziaSXim-Om_a62V7X0GSpQ,1674
OEYUn7UFXCQeFpmMu0HX5g,1780
FFdlPSZCGgTdg1CAfrlvlw,1593
Jt1tVmCN1jwnXc3sSULqTQ,781
SgTjnyElc26gPUghVuCuSQ,511
3NsfdaGfkhQbRrjjoYhTew,1540
SmX_sTfTI4Hhyj8Rbf9teg,2174
If2DUhmWIvlu2JFc_rR-Bw,36
QdYrBxT8OV8qd7aENoBlsg,2175
dUJMmr6TFrHmiokijXiyUg,284
OIBrslaVxFxaaGUsYFUujg,919
jlSjeXeS7EQ0jdisawimLw,2801
ykKSshfa9ANCZCuvM2LaWg,1725
j6VY9UwaQCiEWfQtNyEouQ,1146
GTVneiUeIyRL8Wa_WmEQ0g,474
IWBqtGTuIxPOT486dzL4qQ,2353
PofAVhHsialDeEwplacbyg,2651
6R64RobXc6wzbKHmZtGo_A,2468
d9_yIveVkW7EryyVensD8w,1794
A0c5KmspCG9TMOZkjLWaTA,987
8SoWH_iOdZD1OvebCwJUbg,706
ZOROJ4IV6V2sEAmh0v-w2A,1638
ddtUYvKrKNcM070m4c3lKA,1695
rrWhi2TL0smrbihvavZxcg,1319
CLKQTILUAauaLysEiWMtfQ,1190
wdEnI9WTLHiqSCH1RdJ40w,253
KBppNZRGyII9fhRXRe__dw,1420
yNarSA2fwZm9Gy2urz8xQA,2604
fm4X0SV2Kofj-57ZfHiZ_A,900
3CSaqRNvYg7ZdN2zwxwzVw,130
4nWKKGZGFc4nWUbJTunMAw,1044
o4sPw8nO7GcNyKilWBgK_Q,1512
HLQ2dpyfLcva120pCSLvfA,806
qWAvx3yktyMQixSh4K0Dog,1368
lut0g04VsYRyblR1Ad-8HA,1444
O1TYO5fjsdBrRWascbR2QQ,1872
nefBMCGgMPvOnASoyO_X1A,336
LnPHkjMQG745gXfOIhgkCA,2179
=-hWBlyI2k95yjU-cgwCKJg,2598
Vu8od1U-h5qqwj3Jf_Hnzg,214
8G5qjb9Vf7mt1oZ4AozHag,1657
5ErKAS0rHOfU33CYjDh2Aw,936
6j4hcNnLcDSWBwAdCi1mMQ,976
kIvIqHvvFOc6aCutFYIvNg,129
GnKSTLyqXH8xPY-zwf-WLw,2692
adEJYiysRmK8eDqnHP9N6A,310
FljU76i8DYJbNlpibaieGw,677
aX8xuj7PWFGVqyBN06ysQw,2718
NT0HMA345rSfJt9lqInMtg,684
cne0A4qlWtahuzUSdzdalQ,1281
3QtWG5sN3HJNBVKn_wHQEw,442
TsSYd4Sv3RxMIDhD-gF5dw,1235
Yb3_NGmF1PED-f_RWw_G_g,879
aJfqFfBvVfPimdqf7D471g,2880
wLZ--5d4lXImxrG7VhdTyA,281
AAGO39io2Ko0fgr6BhH-yQ,1070
I_N5b-CA6j0TFMpy1xYKdQ,1326
LxNehlnStQY_rxEwiPof_g,938
UnpufJ2XBZd27f8X-Zz7eA,1610
RkSU74wqRh0GdMYObcxTxQ,638
aS2aNPE861FI4dRrz1Z7Ow,2289
r4cRbcxqjvx7rDTsw0iAfQ,687
CN4v-5eDSgNLSJkWmHxspw,2666
PeC1ec6uyX3hlGIPORqs7w,1733
tEvGNTPLV01OiUt_SKn2Ww,759
4mPaDuo9urNu43xJ3KefMg,429
iJPG0GPcIirjOMlmzZWxBQ,1272
chQMtE0iF9CHr8T-ahkrKQ,2196
IVc23uY-36WUNYoIbz42Fg,1310
kbjwpfsKEvsEOVUsxSbbSA,1613
oEjdNvlluW5_Ng9kewJFBg,213
CvJNcUtmNubDF8UmuduNXg,233
xWzKjBBAGxq-nbXzTYikyw,745
tLF2vqJ9wATlpVDqHB9anw,2865
RGDyf8-PyzyS9Lzs9bkvgA,1672
uMxfxbqT27XDeU9UTXeErg,2414
v96aR__oKt2aqT-azpcA6A,2220
y2wWQI1gx8Zu5pP_WZSR-A,576
w1vmrM6yrBGj_E-VXCRP_g,625
xf0Q4dPdNfXZ-X_MKI0HFg,1804
cTyBfWfmgL3vgRetyfmtyA,308
dzSPa5kkpQIRjMOHvDUF_Q,1424
7onAEqbbZChyYdB2nJoQdg,1895
Dy7TJMsjsxMLmXPY4kNmcg,2762
qeZnsIJPPuTHIdOpE9eBtA,2746
fsxBliRs4rwxRXkZUVy62A,514
O_e8Njjuife8zBOuqePWZw,2597
fwYujhi514Ie5GsdIZsa2g,2637
KkdkWeTMN8q-xpWD0ckx1Q,1686
M0UqoJlAUzKx6dW2CT8d8w,2472
t4m8EAGERZUrW4qW16GQGQ,2773
_BU867oRCLZnDIRmg7S6Wg,324
RKOS92ptLgEU3BUNMtDHrw,432
XBpxFy0h7KE-GtKuCX2JQw,761
EFSU5EPU8VsZmrjbTxjc4A,2183
XI-_Y2XRw03mozGx0Z90Gw,24
N7oUi6aM01UlvrsIcTSqmg,529
WAqACt7FfSFcJs-gqysIlQ,1886
nQUsMhT7qY6pPMvTT6xGcQ,969
OcKBQXkd6H_-VvTOX_dOxg,448
WjuoFRMiEtrhoNK47ey8LA,2857
ZXcKt050sV4iKXM-BVQgCA,2396
Yb2pNCxYR32XKmpirqJqeQ,350
ZD8xAsXsj8FRunJOP4fSrQ,888
C91QFTAsvYrvRFvBe-ec6g,1298
4Bs0OFu3yqUz5TyrJjhPKw,2145
hzUOqxpcnYYBgLlrgvjQYQ,95
TdAgCmJFMgwFJHWZ-wpzFQ,2395
YOrKbBFKRFqUjMwNJke2WQ,466
TSg3URWOZ_I8vZGajxQ_6g,2502
mW1gB2DmBe__AEVgCoTgjw,1513
BNOFxq6AAXamgLw_tzbe7Q,588
6P76zWJBtahmJa0yqd9j4A,2276
gBexinoctpKpwhyxAMZ_wA,843
5_Il_eOuwOMMoiT8jGBxyQ,1408
0vb_YDCtZo0Yk9zHF7rzSA,676
8ytNm9tlX3NIK5lBF9Xf7g,2247
1NZLxU5WvB5roPFzneAlLw,962
uC7FZIJ5FHgxfAIe3GwvJA,2916
cVejKU_SrdbvzIbQ4oPV0A,655
G--jKQu95BxPI5r3aTiYhg,1650
9r98bxT8fCMkTef7UM6GZA,2678
9I7aN_mAByif-jstzclb4Q,2629
nhG5S2tq-RI9JGemIblhcg,1503
A7Ozg-6573w_Ub2QwQRl2A,1354
yLfYR-PvIzAv9DnEH68Rgw,206
znBnrQNq1FdUt5aIGAbyuQ,1403
dCUnkEiVCr724xl9JNJACg,840
YuEdJcnZQv8XXAoP6GgClg,847
J7ZNnzbCoyMqd-y608wl6A,1459
AkOruz5CrCxUmXe1p_WoRg,128
WJeSI2oOM6NCqOzuMKDPGA,2485
4uw7hu2GK1AY4KOFHU4crw,2614
gFJtzwGmDTABRwL2F8GsSw,2173
JkxRvYg5hR1YsulxJhNNzg,2432
7Zo1DzdwZlGMxPu1AFMSsw,1101
FW2Z4ll4zSOEDAJX9-wBZA,131
M6SQ1dITqcuj-sAvg8_ITg,1485
hgy8A1Wnqyi4M-HJIFLpyQ,388
VDUwU8bHmeGgtJpe-rz3bQ,418
Cqg3rr-JyP9CGxvMLRGmJw,1123
Cr-gW3LxHKlNS_8v7dszdQ,1614
cPqrz0Cy6ZV7GuIAHhujAg,2503
Ehc4Ze59gyFjUBKARCmhcg,2271
nrb_PRgJB-ZOVLD07fikJQ,124
O02yhnk20alGOBw0HcmHGw,271
sdpBEhzeDedh7SVe_OMpGg,2250
vz2zQQSjy-NnnKLZzjjoxA,1273
RiJ7ERp0UkQqaOFsrSP4zw,2312
RJJB5uppjvpLzC2gOjjbqA,1405
309t1_KRXCWlVO_7wLhEyw,2615
xdsa_jxitBs2akh_6BYP2A,1661
pAHUC05ceak48e745i6G4g,2031
Y-pihdjUgiOrwYHgWd29tg,1800
7Jmri1RCl9Ksmpi5EoIOZQ,103
9PSimcw0YDdQP_Hr_CpDeg,608
kUj1sHZisz7zxNysplBoCg,2715
PmPOuRvuN3CoNOi1nBj_TQ,1346
e9QRvkzssPNRmBLlDem9ZQ,2282
1M4oczf2lmkdgbrJ3J7OqA,1468
uyuiIvQ3aWZxc1-2i_dQtQ,468
nQOfSLVkN6GnBCYKSc0vYg,1322
wNsmt1hF1uv3YvbwXZMAoQ,2094
jAmTqXshpOUy37xd6FG2SQ,1172
DIGxR_SXgdnI1jCsVB84AQ,2197
APzio4blbje5mhMGJqP8Ew,2510
VlG9qxAc4d0em2djaU__xw,133
hDHYbekIzW-M5tljy1IP1Q,2161
m14pIWedGiHi9_aWAIXEew,1531
5k5u057fFLVWQQ0hSzq3VA,2007
Yon-x99Dvu6e-NSlCd8iaw,1113
JbJDlfcnYiyZRXeHQcAVjg,2052
0vFCASHpp2VBeTuVus4MOg,651
cZutwhWSjiXOQ9_tPD5k4Q,2384
LT3wDmX1PODGEeRKt2lAKw,2868
hNVcBhJSD5HyLKMf_Z7TaA,379
jFfrM1y-L1icUZXjBpxmeg,1494
fI47JKlBBwtqOgiZZb4hdQ,1881
TbVPye1S8UZzLPy0E2qN_g,2178
IcuPhhH7QCOCT19EDEppEw,393
IqRNPvXvbUbxvfgC6cj6gg,1516
LSoRoX3DDsX8YgqTQpQuTQ,775
=-XlBQrxN_ZB3MZKxLBeAjA,1521
nmo_Kbv1H2eOuXmhB3M6kA,2623
74NT13vpDleoNrkxQdEpsQ,158
pDDWSf6csEpBvRR5xVq1Fg,2875
le-4m9rKxHVPB2l8GWLYcw,2437
TLNP-IQrHw1PGu3w_qbhuA,2551
X3bldSWre7nBLjMXCjE9Dw,694
LM9d5wQcVqh97g7qpCQ88A,1676
x5Mv61CnZLohZWxfCVCPTQ,1
IjNkVSEzpKTTNvr2TAFkPg,2730
XaMp0myaLiXWRxrzYzwQxw,1481
p9rysWzbd9eMDmxRH9y0fA,2576
8T8B_xK10FuO6MBOFcVQ3w,1417
yWcOhjDHRbRTgycfgXHfdw,1718
ckZVnb6gF3PPVWkoVhAiEw,2129
3GAPcBG8SowgrpS6UHlDeQ,1426
euSK0uPFinytVDR_UROMTA,1538
ESMi3ekzBJuG8V-oaNcK_Q,1217
Oe0cxmz0lD9z4FXGWJ1ZZQ,2024
6nseTZb6WrGWcithRThfag,999
EQTdq1SJuU6bjC3myEfDWg,1134
v_fV3nYIZQRGBdRL9jXeAQ,1930
7aS0iFpab3XHFQrRGMOKXw,2068
gJmBto8IXwSBT4HTcL7cDw,2272
mPMw_JxSRjzPXVdTjWmV6Q,877
63cjAsO1jXvrwvjkUiEkVA,929
zHD-_h3e07_dPrSfBjx6cw,2157
kBxBEAu8lVI9ikESDJk9Kw,1309
uCR7_Wn2risUq50fD9mcww,2751
ZcgzyGf-cAgc0JxFklpZLA,2385
1AMncE6Lxdr6J9PeqZi4nA,696
Q777p0iKcL-3k1171OW1TA,1462
m9Wqqma30o-hH2fAX7dnug,256
p7m9uYWxKSFCF-qC7hPxPQ,1455
omxi9nCCCM9OXVGsQQ1L5w,1053
TgxDGx7L_JICWbuBUCGVqw,732
69t2S1u7Rf6qM_c14b42xQ,224
UjaR5QhlqlRIGMtlC78n3g,1944
cvb__rYMkj4BMhC3p_FB3Q,228
uNzmm8lpdwOggqQ3Vu7vMA,609
KHU2QER24Dbucct1dfEWGQ,1842
n-XTO7I2o2h06o-vyjtYfg,1441
c0RSs2KYK5Y-ZlSrNq9LyA,155
PeswraYFyhr33CmAK5oW5A,279
Y1jkxceoqE5LrTL5eqPXsA,2403
fyy4WNuchHJBa2zH6L8QQw,345
PYfbYi0M_q8sTmVBaocyow,867
-nVb-85KJk5G14cON3gM6w,2459
awJTMRbRbrLRZirPe2DXJA,813
=-yTdxWCadi8Kn1H05getKQ,2359
PbF6lGbnilFg7NECHcf6Tw,1954
lHKS896yFkmAuWyFnbNP3A,143
t80qleqEIqIyekB95IrAOA,2380
0LBv0QQK9L6ArPkO4eXjJA,2410
zKfOO5xmZioR2z9QT2QIkw,2829
q48Iyh3Rmg3Ixgt8iamRyQ,1771
JNTpW2zBftGllVr7iieazQ,478
yxmvnNLJquL6EBBlBr1x_w,1544
PEOP7kZ1E4BJx3YzLMrmpA,1348
FALYFv-KuziGr3D52qmeHg,2081
bjUH-01t834CVg0Yl0CLWQ,1293
1iJA5fYMDLjCE8PBrt4kMg,701
0xusOkLdNpGZvXmuquFRMg,1271
jcug62C50ZtzDK7ABI4ivg,2810
WJ7rJxbkXqr62koXzR8tXg,1497
Qo05fV2xk3_CAd8WdGbz9Q,893
rZbHg4ACfN3iShdsT47WKQ,1008
Jj7bcQ6NDfKoz4TXwvYfMg,730
VImQLS1lPys8n-EqYVyhMQ,1841
zwJX3eetOhpi-gv4-E4rcQ,326
CsJReJjzMNtw7ZTPCuVZYQ,2204
BcRb2bBN9pGdV8Ef5-dKUA,2048
qG3eRlKLXbnWc1unu-0Yjg,2241
FF5ztq7j7RWGIhpw1XB1zg,610
a2rP52PGQtyAXCsoUc-PYg,834
N_6bV3c3JagKW7sD3X9ldA,617
mkvWFODsaXHe5MXAyDnRWw,2554
JHFsQMb6fMZrcdSXPfG0eA,2812
lRzoAhDhcyCeOGrWntXqsw,1848
5a-DhJ3OCoeKRTBfPwJiIA,910
zAyk-fwDWf69AaTwNT2Ksg,955
kZxE9Td05pGFqvsqzYxeSw,2325
QQ0VZ1ggQO1aVf_GK6kn5g,2382
DOx9ahD39IA8blUwF1fEhQ,2870
3uGE4jy0FQJ4miKr4PycjA,958
qAORECtABjr_FsvSzy1apw,2169
v48aS-Z-nw6o9qsHdHz8zA,1410
M0a0UNYie0vmrDxY5r2yjA,546
9wzElAlCQvzEiGlrJPJ2Tw,2817
TqHTtjPANCBKGsjGBjDoQQ,176
wmuYTDs5kVaPRdFjKGtk_w,685
vBDVxjMtXzZ8GUhV-1L3Jw,1534
eOgUKCy5-sK-leqIBiNokg,8
Y293fHh5SZ0_9BZm4M6BCg,19
xdmT9sejRDEyud8YFbEcjg,605
K9fIADfO_zKFPFm75A1Hxw,202
XiCnbGY6R92Ji7r38jceZA,2478
cUndwJ-7cBhpE_AtnlaWsA,2744
rQ9yxCQJ-okmuMZHLinoSA,2795
gxPc11FH1TBn19altJ7Fuw,2802
gZAL617H02f32HmY9kpvKA,1274
1nq6zzJuVgwaHtXau97_Iw,435
1nsxori657cAx2hiyYb4rA,1690
=-PF0u3x21vsTjmHfEFRQhg,2635
V5QdxePG-pGPXVPHSLLM9A,1664
yyuy1kimJHK2RsizjvgUNQ,1517
SgGINtDKQgoXoAnQgrDKDg,496
kJ2aJFIJIK_Hnr8aj043kw,734
IURIbkgQgHXAgwX6hAgiNQ,2316
azLb_kP6VHKSF0dMTfc3rA,1436
eHC_xNrT1SkJyC2oncJlhw,982
SNOhUcOxtH5PzeOf2rGSRA,2895
GGhyhajTNKm5yTxtAoaxIw,172
OrF48GFHheuCie9cMYkldA,1631
wTiQXYB9fE9rcSZDsZgbtQ,113
3msnZ6oe0sslHsE1js1QUA,321
RklZs4x9QLGB3GeikOc5xQ,2887
06YP_JnJzns84fOyQ0HA0Q,477
0db71MbrvcJnyk71COCJBg,704
qkbloHdDZuHf_0wTqUGPjQ,1670
gF5zLXzjQ0hqli5Xn3Pccw,712
jhzF9VLnT7FZpvwPXSpApw,1692
Q7miuh0aB4YjXLmiIp0wSg,2861
Yf_mKctDPfMQkig-DavQJw,1685
Lm4rjgZlTtLfsriICKdD8A,2400
Dp1VAj7SIb82CuwVDLah0Q,2308
JmKgenzB37i3xcK0rJkDmQ,812
NtizlEdtnJX0tteMdZ-6tw,947
=-K5a0_06H7FYRqqiREHjtA,2823
YWDfUAPwScdW_9GmGskkZg,1062
Um5VnQXli9IwplV2rmgggg,92
Sodko0hlMg7F5doNJGKcWQ,783
B44BU83xIGbjT-25hXvPWw,2013
rJ7HH85lo0wTNr5BiYGQ4Q,182
e34tIpveepWkpvOuv_boqw,1859
50dKrWfqdotEddX-mCzypA,519
dPg69r5nLzEmug0OvNfkmQ,1251
PEh1J_B0UBi6HzonIpgfjw,2399
xWMpfDxekTi383LmhmWblA,2776
VxVAiFfnw8mxXEdW7_MHgg,2042
0kZ4aYmqf5fzTt9Yvz8Kvw,538
1iw4g7qcKua2-V06RQpyCw,1773
xHI3saK0sAJEHeMK4IGVvg,1869
tjyNWA7MN4hAAdh3BgguJg,2899
hIe65VALe8rxseYECVj08w,299
b9dv7Q0A8XcJ44zzTDJeYw,1042
zmFc8M-hS4uuyY0hklIpoQ,992
6-jnha4HoHBDolV8VOE8gw,2401
btyUDDEtkdTIaVXSIsqJKg,2487
IpqgfODLFPww-6TxCk-LJQ,978
kF8JDYpLnbf8AZS9gpHXJg,319
XUYbXm4ZmF_IlZ440HZjpw,2130
AOLx-xr0JsFhle4K6xRHfQ,2063
mQfT3JYu18HN22DVylcE7A,1305
mkshJIgFpZPk718KeEXzeQ,1282
ugzBjxLS8wchZcASnHJO2g,1815
R3L39gk3wtjTC9WaJKPyoA,1577
ZaS6zYn_Pb3QrGRZJfNyzA,467
c28zcdBp82B9Vli3WXn8zA,2793
51iJ7zyvay9N_COWV0is_g,800
hkKvb6oXxn8ygoP5fFln1g,1591
NDKkce5Au-o_OhIt5f2ZBg,201
jtqPBGcsvmKI7VeHLG0KsQ,1590
sbX5NhQIuNQTZ6Y6vpoFMA,1361
LzpR_jE6VIutJ08s2cdRrw,144
lUsTQ3hOOcSS1mngqeFKAA,2117
NQYmoIHO5llXUlkVCgPglA,2625
=-tKlJDgHrJDkU7EL9c8f3A,2707
KH8BMOHWAwBXCngmHxOXOQ,1607
cptcG-dpDnzug_FC4Oq20Q,2513
lSmzpTl9XT2MdgKA9GcNjg,720
T8-P1-wD99kle299ixDItw,2723
qyNtVViurIcChc35mfYIEw,1033
lmVcr5vBW8DJ7NT7xezynA,1209
QIFitAI_oB1zye5mGo5DjQ,585
dvjYiddhJ2HrosdSBAqngg,410
5npcHq7cvdJlgQen_1n80Q,2320
n7sXYcQRoU9zs5DAekFmNw,2569
nAyXstuHfiHc45n3P-EOVA,2019
NQZVwiPQ6k1JkPAqPlXL5w,1061
KqEbhQYu7ZBQY_gP0H0YJQ,1445
OTq55xUFMOz13DAi9D0_rw,2023
ntN85eu27C04nwyPa8IHtw,986
wRWakw2wXmMEAe9FW9w1Pg,2562
72N6TdH5MdUWE2YhYRbyxw,7
0_3hrGrrP-J5eeHRwQfZ6w,756
oUpVWZv6Sa62wTkkS7V7qQ,1717
RUjaYACMwyQ2R7_Lz4p8Yg,1501
STv-ED3M2xmRFMSvQbWGaw,545
Kh7cW1rcbxzsgTzAfqEcGw,2070
14NSxaXBNspIVnsrMYJZVw,486
DJze-lgFSmKJtMROr2Vddw,1748
KhSGkyxwSuTBS80BU5eVVA,2206
=-PyniZNMQuB5u99nr6dYVw,2800
BsBTK3Fi0RyghzKzR7EECQ,2873
DerMAlq9JZbqMuD0ZwbaSg,2058
9POSNBQpkDxcOlbxSp6-4Q,2450
6imLt53br7SJ3av07jjH7w,1505
2B_d3DU5kKfIjzdnAbiV8w,1155
gg26wjL2eTRIvmdyb7RXAQ,490
BS9SxqHR7aO0rSmT_emoLw,621
5kMG-SokIwAfUFRBe1Zi1Q,2716
wn7GiuOQ_0VrPXNc1wVTDA,1247
jmD-Q7bfsd6Zf2OrFmcxWw,1256
vFtMSgQsd3Fwt3U7UJf5dQ,2244
hLAWdi804nVfTLF7T0rB1Q,239
gaX1rGPdv9eyPra0cYsYZA,526
qyBiQdYgwLDtv_ihmq6Ybw,2831
EQgMEDJ3Tkln-8UBlOuKwg,2540
rKbYn0Nssuc4S_9nq0gcHA,1728
kHfird8tr07JMCTBpyCClA,2906
JPRyCrWPIo_ujOszH1NRzg,1838
vYvT8J9uEh4Fqt7f9ILKlA,1194
avvNnkpGpGIS-2CClsduXA,425
5qElnvC0danGy0io0-NRKw,1922
9Y5kXneSwv-l-8TODZWQAQ,771
hMd49yw32d7I0Kk1ZIOeXg,703
lneCKBqC5qPphrbFGcaI3A,2296
72_aUjBImjJb79o_bOpJkg,2668
HghAgkxoEpUNZNQbAY485A,375
hx9dmPZZHvLQgEhlAZ-Seg,407
FGqtJzwIPB_FeCnzxaQ0Tw,1726
aBIehjKe7ggNktbC0t-S5A,1221
nRVyESpoh9ZVNwl70-bz9g,2673
SfrBXbRdNB_gqPkIgJyKCg,102
s0klhdxcAab0yEWw2Uuimw,1029
soB1P6T5tY0B3sJQI1XaUQ,2890
2CcO6bTk9Fs3sAwodab3-w,2339
Z7ZxtGvUKiKThSfnaTj-pw,1192
2MM1zXQotfBkW4YRMPY-ZA,1491
C37jakxE5TX6ccAfjp2kJA,192
Xs__MjMd8MWgJWFqnAN11w,1130
MJ6_uOT55dq5ALphFqMVkw,1096
QTXksIu_qTiHBXYju0FjNg,817
O7QQ_ThdvSWx0lR3CTRLOA,461
hJD2fGTD5HCFBi3dpQHzVg,1193
ysPpFXooSEtwHkIdcOd4Kg,1268
lOJ4sMs1EIZzqBV7duiO6A,579
zhzHxzDdJ9eJTj5Eis8YoA,1252
vWcUrFcweGXAWsil_pfpjw,400
v1YerIajfn5ihf9PE-xxFA,1401
t30Ua_mSiClnpBqud84ygw,142
xbCnAP4IsQrRBnHaBi-syw,2815
QG4qmOPBgNigdI4cUYhKJg,2368
GmzpzmxinfLMw5OXQKFEBQ,2593
zwHM6hz8swKIG-4-BSKMPA,2064
KwnYw_cLsYkUPA6ZUmqsYQ,1969
OFBJtqWGSx6n6CchtVmoRw,971
G1z1baf8WcWfj21fsJo8vg,1255
vuTdngoxZdbJdbno8IK3Kw,805
=-KZA7UoULw_pM3jBBUzb8A,372
5N9bWl5zWuDX-Q1YpTf2LQ,520
1QjedpN-fgcMUdO9d4B2AA,637
tWVuAPWXvW2g8ce0WWepXA,2079
oe45XbxddG4EKhpWAHIk2w,2202
y-uHaMLLWQydSyWJawLIUw,234
4BcuZj2ETMxUs48PLPwKxQ,1528
Na3_Q4palzFkeMrfEFU_Iw,464
qlgAl9biUkK1wvmJ4ggDFg,2139
QhZgTuDoGMXyLu2WzrPoyw,1092
2q1JLqJ7IIYXONhOKJKoGA,2075
fmuj7u1gflmEjW-h0v9bwg,188
2HHf0hiKtZm5nzt3irlaDA,664
TYxwexE7GDYDpIcdltwj6w,1770
GHYOl_cnERMOhkCK_mGAlA,1974
UHCyY_IxIXmM5CFO4zF4JA,481
asebFFgabg_lfoNpGJHZlQ,1398
eSKM83PlRBUAZ0fsYvYuLg,1656
faitVIiNezSN0ogZQSZPWQ,305
SV4c043_aTMxE29XjMoiqw,911
SRaXY_h-PnoVkNamuGzAdQ,1769
wZwZcte4lcbu51NOzCjWbQ,530
L19_1cG2ALVjdBQ456h26A,114
ukUuBT8zVXNC7Zz34cctAw,1163
EmzaQR5hQlF0WIl24NxAZA,3
ekguRa1QybpUaMHqc5vmAw,1523
VTFx4ADDP6nPnlcMHB1-Ow,338
G_2CWsU7GYwhNqptrLXUBg,1487
JgJ7-0V_tCPVcn97aSZVug,1279
nc3IiY5LNdmEwUZCW84yuA,11
5Fwwfw20IbIFWzVyAukZJw,2434
h6jfMpTZpNduLG0wE2tbaw,1288
gLYvUx5L7awAUIxK7rp6NA,2582
g4y3_YqR4jmfCP9K0TzxrQ,569
D7uAJToqGk1hQxfZDO5ijg,1030
A7Soqlerr3L8mNq3YuIqAA,1929
Ydc74ermKp1L4fYOrPvzXw,1019
XJc9Ueb3avGpYaj5Ll92hg,2153
3R6u2tUGBJq_8xIGsy-fcg,1181
I0MENpcdXky2ByrXaaD2eg,2535
UACSWwOwCFg58ycvb32-RQ,1585
YUcsW4G5SqZUmSqvFXdUKg,2268
83da7v9gQsWJegTW52qnuw,2283
aVYFrGg51X0CD813ZkAb8Q,2166
0dORc6ckZw5HezR3BuSsqw,2071
glalhJa7wFWPIoJLBvKGfQ,1080
2RxIERKZi5gjLW76MkFotQ,419
Xr0SQ1i6vHgT0RBZfyzJ8Q,2057
uevPN8zwJpBpnxRur1jUhw,266
Y3nETidvklwdqNeGRzdGNw,669
iMVShfSP-6FE_8k-MDJfYQ,1261
l5GGMobHJvzaQO2rZFwdTQ,1679
vZDfvDkiBfWMigOrniuGnQ,2588
JOZqBKIOB8WEBAWm7v1JFA,1021
pvMeUi5Lw2O5vIXg9_EvDg,1995
3AgXaXLfxqZn2NxdVoDcPw,2248
LsKF7GFQ0j5U1jLMwq0_hQ,2681
u0zjW7rluJgUeQTnaZnkJQ,209
OPbWf_Dwzqda9sGVHQHtJw,682
Zw9Cm8kH3fdIbZ10j0PDQg,1741
Aisjvk-fZVwAcGsN4NlviA,1594
cuMMU10KaD0cZ2WdK5XC1A,1857
t4aP7ksa716XY6S4EsWFqw,1880
Y9D61SRDiTAYJeaVbqvbFg,1898
apCfJVnRyaw6oVUBKujpUQ,57
jCaQauhwHFyjOSlCutqUnA,1520
ZN9aiuiCPAXWHmV_hB3KXw,276
UtmsxhLHB4lYSN_NxKW3XA,420
6S3zqOG3NyYTc8r6LwvM7g,785
_HAYDjkPJVabBXyvx-u9YQ,572
AKd5OvHajbaxlofM-XE6vw,2252
kvyYxHukGKi2ILJvDrLMsg,1820
sInUSy63Oh455uWs9p9OqQ,39
Ou21lwEBBlUNG3JRAFWFAA,1078
hgb1RihLYRSpFBjBhn8rZw,552
dA8ChVhKJ9tdF2GCNCeeww,1199
o4hq3viC3_T8mAmZAtvx1A,956
UUssRgBCO_riWg3chbv9Zg,1805
2I666dqzs1XB6xigIKa9bA,28
mXIgCWuu6Thb2mXluEYYig,613
JUe_TAe9T9MZXutb5fblDg,1390
DcrM4hwDcU2G6vuh2cnaYQ,1466
ajf3Myr1PKX9RaLS_Ukc8A,416
BFZHdg2TRrgw56CyqkSryA,1091
pfTwzep_4hRTX_jXoi38cw,1393
k6PuJ964NF2NEoXoOg0ijA,1627
sJ_z4cRjzj62lKTNth94YA,2713
W9oFbcGKloLUpuALxzcQdw,1763
oa235g5FqDKoyjD_Jwq1CQ,1799
D09yG6Z3gcsh24Qn7Y4gYA,14
SPqPt-K6qzTutj_vWOgKGA,887
pWPzxPPXN4IqI7RUU_8KKw,909
8IKkVbylBYRruaYjFPXqtg,918
OoHWabV-ym7_HWlHeXTsVA,42
8H1DwdAAgSBtwDeb2R-hmA,505
WCCRd8g_c6Hf93GAW4OjPQ,2924
k-O8crprg1Z_WYTTl1eA8A,2909
f4T3s1x2u_KPOFfIJIJ0uA,2219
0t9N1QJv9L4HNXpmjHbsVQ,2700
IDQbSGU2k1MaLkv-sFN-OQ,1553
1sdIDMz5ntCHrClzCgjgJA,575
10VZ8KEshqD5twjcmZ-eaw,597
3l72FflaaeI0tWEAWN3-gQ,1496
kujMsR1OBOHZ6vZN_QWG_A,2560
nENrnY-3ILrH9yPXV4tqmg,1882
lvpXyfTDF5WZnjzc36r5Wg,1359
sh1-BzB29lIOA2qQ_PxN-A,447
38TiseZcVyypjNzuOROOWQ,1710
cqO7Dtta1cxhHl-QnR7ruA,2770
ShUDf64NVkwCe8izdUbYuw,2232
5MlUPatQxg4GZhkPwGIvrQ,395
UJSsbki24ctkEcMuMxp9xQ,2640
LRQ5IFmuGoHtQ87RHmOyNw,2846
zAoFrUwRVdSrvYWNB5e5Jw,1642
35Om8exyCLHWeijbxDPB1w,778
YUMvB8pA2yfVeAouAHzn7g,1292
Vb1tNz0Tlm1q41A4gjY-cg,899
UlShIstbG4Yfh0MpTAEciA,148
5FzwrpRes4EdkVQrtg_qJQ,1446
HUU_y-nnIWWIpqMlB-8L2Q,2056
DNLzXOSMH4SpdTnzMe_izA,2090
_-TRcD1fi3Eq6U0tEb6Qnw,719
SAIgLz6EI7vJ9AkxjvpIeg,2209
4Gn1RpmETdGKNGIvzQNYiw,1313
jSEcE8AY-mzGq9EOiyrtng,166
5CWKlH0uyOUF5EZIyewMXg,1984
p9FwRY_KnxEHSI5op2qOvw,2919
z-5F-tlpAUci4obI3Gl2ow,1480
srTXrlGh3EVB7kAwY5b8og,2735
r7Ge8_c5Y2TXthb4CSjzaA,406
wCi6nBXnXf5PAHqJZP9dqA,586
1xu5wFd0TeBg6xNBiRtknw,1687
_io-CVnCgHyt0vpTCrP13A,884
xr2szu7jYIWbj4tlKef61w,2448
NDHhzgMrTzr_38md_R5WKw,516
Q2dEL_fB-0A0dT8Vb0WhjQ,633
5jazn-RZP2R6ZkCIPZsf0w,1303
KXvkoGg5Od9Iwk4LMBFJ4w,1966
=-nHYKkSJuQ7zzFZ1veRfPg,357
uECIvsUWlDWSiJ9jAfH_kQ,2065
TNKr6FelsEqOHnatOgWhog,70
IYWTOj970XqG2z9Xft_8SA,566
iAHNZo6GF4C3N-z8u2C_ww,799
VbyyRLpKpdo3uerbqRT5XA,2624
IfqYtKTV6_smGY8gbuYKkg,921
4r9-iKOagzn5oUvPE9Bz4Q,1982
e5wUjoLeC7Frayp-jWzjkg,2600
DXBPI8rR9f_IthOGPDWoIQ,335
iung9K8cFAPLdA9k2DUoxA,1833
hZnyMKyQY_EaFQ2Sq73AMg,828
9nm1KvZJLON6Py6cOzrnvQ,2213
NNGJQF3WeIHzGzweCpZ-VA,1404
Hpe6JKGPmYbOTbBwxSeGAQ,2570
2Mx-_HtveweqRVOyHtiSuQ,2858
zTfBa__ldlTdbVgSl5h31Q,320
8tNf1kaa6uyEVnSGMhx9Hw,2364
TepT2VeFe3tMYdAiqj12vg,363
C_DYSZd7DtCLomCZ1s9ZBg,2527
Xhrg9t7GGokrQecxXSOvUg,423
adPVJMkRrS8_3VHQKw5-qw,1522
08In-bFs8JOmSTDlQ0BfFw,502
3n9mSKySEv3G03YjcU-YOQ,1581
_M0pbEIDeFQFLoauRnyvOg,2867
a9z3kEta3fNnmCMXs_9R-g,2891
5X9iW2qF5ecY78v35b5iWQ,743
oIkwj10HmUiognO68j7jOg,1509
QbBxB-YgVu5IfHp1WmPFTw,2914
klCQ1ytgmCgJ1KvlR5Y0_w,1934
e8Gt-GSedFlk32le0ethHQ,2772
jVlbfVJB_oGcFf8Yq55-QA,2001
awsp9XXB-ag3FNpTD5EKmw,471
77tMP3nG9TH0rrhf6G4g6A,1057
5EWVJZd9cSAMwkrwgOFd6Q,746
b7GM0x9zZU5gq1aXErUf7Q,1205
o2vKya6WSNcMNTxAcJsF1g,1633
eb-d7bMXnzO8DGWJ5x552g,1952
xshv3T8LCYotLFb2uuxIUA,2087
gXMY9woEEj8qrkt77UyMkQ,2610
Xsl-i1otDd3GXJEkkKJCaw,644
6-O63QoQA7mCVVAH-MMtuA,1376
BicQSnGZnY_yuGEDkhVfnA,274
ykkz5ODLIVMuA0TzEarQ0A,2725
JqAI4UA2xXPYxvlhzG-i9A,322
zvvCrwrr4VGz-D9GtMhDGQ,2541
j29W6msI6eaIkEKKWk6Myw,2828
sgZwUkKSpFQxE2v1hE-hcQ,1653
Lbue8gqRiBPEnA7g7H1qdw,1530
WxZ7lWnN_AJCa8-Vd1A7ZQ,1449
O6-ZPDz_W_NwkCyf3UoPiw,2215
UF1NxzXlRa1Qa3uo_XODsA,865
jyTPJVoN3a9bXoq-HHB9oQ,1280
=-xBv8p9jzOkMyGlY07FMTA,1164
45puCRQ6Vh_IIAy7kkfFDQ,10
zYRKOiYCZJAg1SV1WZG4lw,2388
u1szzmBt9M5s86s446watA,711
b5sP47L2NiBXqbsiOnR7cw,833
EEC7t11ciQ6XUjkudRbYSg,768
inFMqvEbY1L9afA-pZBeDQ,1250
rfTdxh836CkqgVCthVCDYQ,2814
g8DDgeadYPdtGfkszQ60iQ,1234
=-q_VodbABJygOSuv86LOtw,1816
bsDkiuoIA7_ecWTjG6ifwA,826
kl7h-LIWHbeNXddPnJ31yA,2238
lAGDe38li38fyf971CslFg,415
j_Id-xnaHfyJRV5FlciYhA,2287
EFrM42oRogaYicKly02djg,2235
noLH_u4MJzfXYYHqcByjnA,1056
X_F-3w3Z1omxWpItnWDH9g,738
MiajUnwoG7RGoaolO1rPaw,1391
TO2a5gXGGAU8Uq67bzqE-w,1430
8_mbjbTK_Ci3DljpzdipuA,1416
r3HWH8XeoV9uohlcrwrMSw,1074
-0HGqwlfw3I8nkJyMHxAsQ,498
bbiV-lPmRaK_gjzE77x_jA,476
he_b4txorHTrKjH5DnnmdQ,1621
ufbOme2hCBeBC60zexUwpA,2154
aXRtJioBYidoHdS2GTTKhA,2201
84FqEj70SuGW22I2l6SxdQ,1154
EKVrH21lOIRrXdLf-Dt5RQ,2097
WFC5_iR5nTOwNf3QqYB02Q,2591
PSAK5sUss8yiN7Q_72Zlxw,740
AYAb0qJX5wuT2sRtz4CjpA,1287
enbTOcl7WNgsjsAtmhvDRA,988
t54zAs7IftAVb9SKcCRotw,149
JrIhyj-e3n77LeIOeErBJA,1036
psm1tqE9dxRWWictMCnLuQ,1965
YJJx6rYfHQtmBd3qq-Lcbw,2168
unPzS1QJJctlZyLGFSk_HA,300
gisqm25gjoAxutucBYnRKQ,1244
GDeu_BPyb4PBDZSv1J9-6A,1958
eltTG6JOr9cg5FRAgGy8Jw,2422
wKNLuYhs_5hVNm8rMUBWKw,2791
j7n42b5qDMJR68q3Dv9u6A,1611
m4Gw2d0_iWE3kyDhNtD0-g,2307
M3uBjC_t6oHBecgYKP09Sg,2727
=-KEU36ohRQb19mrbA65Y3Q,950
i4X_iu_29PkhL2zsIRpueQ,628
29aP77nYo1xyVTEIyEyIYA,1732
pw80n0Tcq_PQSpVMmzfgeA,2496
2YwtDSJhHGziKpU6DQiVvQ,2542
mLKQmfI1sqZuLLd0aBGbyg,2594
Uov4o_7gRqQKQyjVhWOpVA,200
HQFscafV3wi5z4yOKdUGRg,1043
KqsvvlzoJH3TUrk_vlbcsQ,1433
d2-suh7-s2GUpTzoL8-cGQ,2750
54i5svsrwiNvqsVlezzjNw,2838
xeJc9ZyVHfEz7tDoUjdBIw,2311
rVUEZpHQfWI_3kt0lBwaxQ,212
LtdVdYhs7MAwwTBuHhdsFQ,1659
8UhKnPs2Jvz7vjzqYCTcWg,1423
lxfalv_k7V8X-ESUS34HuA,1038
KvBlmS1_tUbhA5zG1_B2ng,1759
ed6ieiNh4Xr3bmnMyuTDdA,2670
ivVVCPUm9mmU6K7xR41vEg,1723
F3SEkW6v2LJ5y6Ldo5pPaw,302
eP2WTbTQDCLj6FPNd6Il5Q,1270
9wj2RkmuCHLG1pxy7-JXFA,2553
71jwNmlPbJsPZJWAdmj7ig,1037
qYhIIWxvLQWghKQMv6m5Dg,1493
NCbHGtOP5yJBJsPPaE3X5g,1341
Fn8hc8b3357nDJfFksdcbg,996
VpQZo6KV8CqkIG_MRQ3jiA,398
M69oTpIJPnKyXRgR-crF6w,2144
Ta-fY1c_E8qHBBDQGyxPkg,193
0Apb1P7RzbQEkeJDuywlPQ,475
dD2xiLM1_5Vg0pMvMIPZww,509
3rJE7qliy8_ylKhY5FdlIw,283
y5L1AEfncjbh1BX2hKRBzA,2809
WYj43z0qmlKklhcvV75mwQ,1914
rx-sG2ugeK8-oT55YcMJcA,2288
aCQ5J6y246BULC7COBRATg,2102
bSrl0gA6QS4oBcfTlQEjRw,2514
TJFdh4tXS5RUXZfMf0XRIg,2517
acZ2GUh3R_wcu4r3Z5tSCQ,2301
V3lQtk1LgwAEcF9j-BzchA,316
fq3TCuBBaKtRnibcSoRHpQ,983
Qcg-Ho7I6niCGNlfEasZNg,1191
WBDFE5PtCeL6x2YQRskZnA,825
3MzmlCCifvQJCUEfUpgUAQ,2146
pdsK3YZfXZbzOEVpGNcilg,862
qw93CjlAZ6a4ff11Z-hF3Q,2044
EWMwV5V9BxNs_U6nNVMeqw,980
lgMFDLFxGDon26AMizZSlQ,1683
TXlFbBxNJx5oEjQt0L5mCQ,1831
setfRzkAcOPxKH5TZLTqJQ,2270
dlPAHjvW-CtmC5ym0qjJ_g,2609
F5vKD7ajS69CwuFyBVxA_g,397
MPmSoEd46WXqhN-5rw7Yqw,1434
C6oCdg9wVaS81Re0WfBJzw,220
zQC9irYDfgiV3DiIiekx7g,1097
VsrvWdZL2993olnW3z8R3A,1830
LZ4h8s3_K2gjbKxi38SarQ,2172
axE3XDEO5VfY4OztDich4Q,2233
kLG4KMBof8CsTsR-jRDPqg,2603
nqpUjsD-nUIQCrr15B9W-g,384
fKXwK5K5iCAMPHgqVPDhiQ,1183
0Rrih6W3LGrNGB_3cQaplg,1706
9N7E_6xGBmVZ6IETuTg03w,1758
J2LGgGy1b1V8e7yjDI_u7w,2341
a-kWM6dkaeyoVU029q3Rnw,2900
faEvaCUMdOaBfXnDHHDrOQ,1124
_1lXRQ2Qda8HDpUQUqTYwA,668
X3NvTA98paIkjT4-bcXpLA,1583
byFWmwlVSmUj-AmM6NZYvw,565
EfmR4e1tmjC5_ZQOgfnYrg,391
rr44srj5pxejML-W1Wx0IA,749
tigIXsvKMb4xCiZP56oSPQ,1811
gutyWep7QbUQ8Qwa-r7p9w,2411
m5xIiMqFcEadweUYQLFyFQ,2719
teifdsiAtxv7Vf1SmokvvA,2156
eyT6w_RVpjRnbz4hToBqtA,2194
38G8LPiqECn_P6LQfUnfZA,1152
JyoWqZXzjrAGUHmaOV2PMw,2754
QdbZyl-LWFS54u93Vjd5SA,194
4waggbCK-MSE9dbIdSMfPA,1002
e9Fi9SN7moLeXVJx4u_qzw,2767
dmyytmVobrPfPO6IrKbjuQ,2549
qrIObcWKK3jeC3zfmR54kg,1265
s6zzKc7UvwDRxn-BFlhiTg,33
QzXFdjIbFRGhzL83goPPLA,573
6tJKZaJXmkzHFr2if1xYGA,1128
4Ur1TXCPMgicKaYlmw24ow,2493
XzR49vhfm5ugcPJ3x_c2KQ,151
rDvz5jX65gpfONFu7er9Tw,517
YxLiLBNTm4cOg7OlKKLmVw,1419
6AzMTcurmx6paLFlkYPrMQ,1173
6TIaz7MG6qjX6ZaQe9cG2w,2500
GePBM2lae-fkAKHcfbXafA,620
pGrcODntgStT2ffCcHgmCg,1783
GQck1WKEOYjgQReVLeCTHQ,1156
di2QHs2SrY0XFHcfAq_k2A,2053
lp-J_cO5owuMzGJqdn3PNg,2724
knLSows1coxal0jKtFGl8Q,1622
Ho1cBoj4aB7U0zJ4cAWHbA,463
nlFlIeziD-4nNUF2B337Yw,1977
Em8zrIuxwBXnIZMDMreErQ,595
kT_7_6nj39hV7o98c8WLbA,2630
XKlhLb7jQcbvVq1hpUmuYg,2495
E2BMYajnI3USNpABFdBn6Q,853
ptU2Fh1WmnaMBOjBxJZRwA,581
Q5diW79GD0MSJ10j1HCf8Q,1458
ggBkO170QkYZAezFGMKYjQ,1677
MuJ2fcS3r8Qk0Nbq3UerQw,2413
a0eg1AZESJbsUL6I3h_VsA,1669
YsB1NWGekh-4ETJW3vyyWw,1916
wct7rZKyZqZftzmAU-vhWQ,264
FKHv7FkblONv9qqBndJUrg,140
3EEVGDngt4DEhoOQZIUNUw,1374
lXEJZjvwgSM3i6-HWpPwDA,1956
f0PiGh5aBV15cNCYrnsW6w,2628
lVkDZZ8sTafPlq7f1i5row,1802
Su8UxQI3ggk1-IXGZliZ5g,1088
AeL_psPU1HB_AWmChaSZYw,2618
EUXT1vSFWaiD_BFmFK8rBg,293
lHZmz_QUoARjiz520BeKMg,1394
WDffbqRoBhTlJKceyaF2zA,1407
QwaoxP5Mgm3PJuZo_4bFsw,2148
TuCAYZ89lP_s6D7Y78xNhQ,1817
2POJy5LcLySLgkAxb4K54w,640
R2HLYDDjLfBDdkyKVtofBQ,2140
_TZn9b5qkvC7RWeWKf01bw,2839
qjRBMRCUlUx8Ofe9tiSlTA,2922
8FNO4D3eozpIjj0k3q5Zbg,1142
jHte0SjUldZeDDZ5py0ZhA,270
wl51t6lT7leiX64SlkOx6g,1548
MEKk3J63dU3GBDg9SHuq7A,2212
VVeogjZya58oiTxK7qUjAQ,960
KIbFaBrZDX7rrYJInkv5Kg,100
LJ0ARWpYvsO7T4kCe1Jpcg,953
fsQFHGMbqWf7MT6KYMuJxQ,525
gpdBiTU4FWxBz4sAb9UW3g,2595
BMjggIgOghBMEXPo8q7q3w,2689
YtuyZ94mZbkWP3nSeCGWrg,2862
AIM_3ESPX13J4G4ZNVOY_g,883
SZvYxcvYYVRue9MXcEDjsA,65
pDXv67UQjBKScEgGhc5yLg,1334
gMcRjTd-bapjBXlqC5jGRg,2060
4aHi_FH2eP9c25Smb35AZg,686
z-og6iO0HE7J0l1V4zCGTQ,1761
41SzC2WJ-RVUpVZ2NJfE-w,452
v23YpYZlCpy3fFZsOK8ShQ,1825
RlfX4muX5LfJsvmI9qWGvw,2418
-8wyZkzfBmCFkMwCGcR4PQ,1085
nU1xvCBFBVkahDrZSoN2Rw,896
Vb9FPCEL6Ly24PNxLBaAFw,1003
I3KRHQvoLB6O_MZ2-UpynQ,795
fG3yJmDXfSU8eW8HY1K3aQ,624
lJe-zPM4U572nVI0eAN4Fw,1694
corPOxxIBRJ7DSpryYvorw,571
IxOkhm8YErBfOzu1_O-ShQ,2745
UexMw8s7B1J-RtFOQtCCsQ,564
ANeui7NJRkGtrOshX0610w,1892
D1T1jtCfTfXD-cQE3QViow,1904
_eCrBSIXbGEW62ynS2_0lA,1474
fFPJHOV1pTGoK-Gqf5QBSQ,2067
VpSiOW1PapVmZyyRBK_GBQ,229
67gi179fNUkU5sApNTcrMg,472
_3Hpnxe1sJ6GOLpSRkgWyQ,1161
od49_DFUJY9louGx80My-A,141
NXPuaH5R8rMfYqnnP5s1WA,456
hBodj_f6adUAnEVUb_he_A,484
i98vDwJCbC4RHvDo0_XQuw,788
WPSM_oTPceoSnwqQWfAsdg,117
kHiWllJizqQFPhdOGrdbSw,2653
1ulwCamdqoX-SdMTcOhHDw,1634
OVtSFFNohXIz9vdWDvbnEw,627
wUrTYqp9fHLJ8AR4lMxHGQ,2258
oT4PkHtZTuoOwhGbMjdpbw,2833
Gly54cM3avJg9n2F0l8V-g,2191
QQ-lSbz4ARm1MQA5z8-nAw,998
6Zi7nEX_nxuUvzmfWJYMlQ,2329
BOKoQAw-O1OKntO64v5NIw,2788
Dcs_jLOlNXd96LarVInFgg,1813
muCl5p-9ut1sY0aKeUeRhw,46
kGEW4XXJQ2FS94gZv_N7VA,2037
sbZx62E3iv99DZB5EXxWqw,2446
eZXAQxBXReD78AWWf0_4ZA,2214
bPVotyFvP_FNSIr4R8evcw,2479
0QTn4pMzKv1mnQifcP9YoQ,1007
tdlSjsWl9PYEUBhDXkIvXQ,1803
L_MtTn4IUBTmQtqqM2iFqA,574
4K4lXW-S_qMk6XG3aV5wrw,2638
KSKlspZY6FqTuYZvNbkecQ,708
aozcOaCMwOHG8s-lbZ6_gA,307
SIFWd1cxGJeDNnSYDUTKYw,2112
XgvgnS2AUcsupQERLNuMLw,2558
11TvD4sCfA8GEqLDANpbSQ,85
T4ox3wUzFjWvyrjaTRoBbA,1087
7UBVJqUExNhumdu-cWhe0Q,1202
QNo69O4cy6a3HGb6RrGWzA,1743
Xr0ukmkIUI2NwzzlCDu_bQ,2701
gCQuajbLB3hQQbipYpEtYQ,340
QSCeI8HdUluG-YmbDWo-fw,412
dWa3oZ_uXFaCMtPOT44R4g,535
LbcDWyqGgQdlwWfGO-whMw,2226
m9haUi2_1lHR2eAKBhKwDg,2293
ClRgYu3vtPcXTjDQd4wa_w,2587
Ch_2Ye0w4Q9l3VeVW7VNHA,1246
1xJ4BikDX8PwWT3XeKzGLA,1762
flUKBy7WHqYdfOrwU1A2SA,298
EUfVkqNFv5Ay0W7nbaivJA,339
QMsUey4Xi1VfHkwbI8YxdQ,1081
CAZsQgIlJAWfSVGI26AEJw,2874
oaakO-X7uOXNxqsxjDSKfg,1028
iDga4CEpgHTaS4VEQ0fQTw,2103
SFhCBEwULQAfEtd8hPdbyQ,2490
2gMx4KnXbNtpoCuVCmyo3g,248
zv92SeuVPQdof0PdgN056g,1477
rIpOpzVNEBNZrRFu4n_JvQ,1554
pk0vem-ismpPnVeTIG0Q5g,541
nO7dRhIBsoovZ8DV1LRa_w,1814
gq_lS6RXen3z_SesgIrgXA,1926
0EBR4wDqtkbMC-wghpctEg,747
KVOsmfgWSbtTTKxNkXB1Bw,341
3D8thbL2D2c3qTMeYROAOQ,1822
fknZYItBuIScBroHGPkIvg,2796
rO3saNBRU2Pg16RyfEP6-g,2379
ip2u1q046HzhFc1sC-pR5A,2698
umyo8MPjiZiDXHtvyaOi6g,549
YowLDN2YEKVJpHv0Loqm5A,1332
SYSBZeffWbScfQsI_e4b0w,2029
lK35BgpjOMXwchPzqYWomg,2223
aqD66Sve2mE4cq021LWQmA,1860
1ksEqDWneqp8vn1m2zSueg,2398
xH5axHFadmc7Veutt376TA,37
En4UyDiGgmQuWq__50RAgA,1698
BNury45AhBIxRloAkqZjCA,2466
zNO6uuiLMgP34TP7EqIWWg,2848
K8pM6qQdYu5h6buRE1-_sw,601
6Qwvrxk-gcDMotRCua21QA,2181
IW-NYIHk50mXV5Nz7nSGyw,2477
gkv2XvXpFgiq4Bb2XK7YmQ,35
ybZ3HZa_ESwRP6ouQAQ1YA,2425
51vtDjP79vBjaI5dbkPoPw,2682
Wxt6FGF4vxsnKYksMZRoiA,387
IYnakiaZdJOKaUirabgn5A,2663
VpW40mznMS43CqdbelX2wA,177
UxvOXcoCRFRAVhRB0D9imw,259
uMO2dbCPPXNlifLqmDcVhQ,760
rqKvfrvfsM_TQMv4IP1YVw,584
6rslVSaz9_ci880ftimCIw,2622
lD2gKuPlS4_ASG2IMKiN9Q,2894
beSNHSvR9kjE_5vXJ_tlfw,313
9dn3AMdwvD2KXnTr6AJY1g,1121
fC2nbJgAazYnLK2pCDineg,2427
w7SrsFV4FL04bhQr-B6-4w,2110
-3WVw1TNQbPBzaKCaQQ1AQ,112
kehNBL2Kz56mHZk8o8jG0w,2454
tmjm5ASa8Q2LVfsOUojHDQ,2884
oXUceqbZEAKclrIXE-erYw,600
jc3dC9OFvy8lmHBVDoG3Yg,1086
vvMR0jgDoBA-g1XgZy8sEg,1942
n7dkpRLUl7C6zLRRXk_BDg,368
SOHCmm0eY3FH2zYw1-Xtkg,2721
Lo0dRIDKXc5mlE-coVZrtQ,2138
ozgJsYVsskxn3n9HMqqMdw,2656
I4pSBXlKdR6assqRdVjtMg,2135
DDnmNTvIIQu2t3WZ2EQx-w,990
_a4Ri7mWZcVBDtfZ4dEYeA,2366
93vg4tu7-jPagkPsFQIANg,2804
cmtEIXBh4OopFgRrd9tomw,1745
L3qC7bMuRBxqDtUnZ6G0tg,1582
CHMSC8bSjXttB9Ei0scc_g,2374
_IaAOzGPzq3JIDKuQlAzvQ,1381
PxqufEwqzIHAbQGRdZ3bUw,291
dp0unqYxrYzvfaMVVmk6mw,1059
tJ8dB3SCMIAjO2YL1wpRfA,1125
=-lOSaCuBRAvX5JBifx-EMw,23
F-ykHfGY9lWr12OJ_Ofy7A,301
FTFxgoq7-4VhulbrtKFIJw,1818
ALqygKZXxuVWGM23pFAiPQ,2227
AW3Tm-B5CfzEV5CLpuwrWg,2634
R3sbDS0YcJDedSmUjwE48Q,2099
XmJtUUTpgmeYQs_69uZ89Q,1411
9JsUxFmCRNW_0d1Ey8xD2A,1774
VQmgq4Dwwej5AwnHBmDIAg,2236
5kRug3bEienrpovtPRVVwg,175
ZI38b-iM_kHrOyjI5Pgrzw,678
qb8XcxphAj38EhCwjMZprw,2769
KV-yJLmlODfUG1Mkds6kYw,1406
tb24fvNJfHhyKEXkKn12Xw,60
ojCJLdq4pLIvumBdEtxN_Q,829
dxAlupwjiQH91m4cE9a17g,1099
VQtMFcgkRz7MCIo9sPDaeg,409
eXALA0wNH2LdwpUlGvWsKw,1133
grk9RANQRR-IZouPFP3kgA,2123
xiGt6SFOe1S6mHjLD8bK_A,2669
zK8K4a46zzVqtOGarXs10g,1225
NnoEbaGnQa44CZE_A5tBTQ,465
N41ovsQWpiaNEUs7R8wRKg,2806
EhR_Tn49PKY5W0YWbxEPcg,2876
yC6OzkWd3bzHfcMZm7WpWQ,2507
wqJ5dCAh2FGHEVtV1lGiEw,1439
TxDKDFQ3ovgzTaNcqKf2Uw,1557
=-w0g2HkH2Ncxbs_QDtsf-A,2054
mVcSgP9JneHL4oz9FQPhnw,856
hXbt0ZWqK-MuCJJXiNnqpA,1174
2lLPZQMDbMFSDDJCd-5dsw,1285
DE8UVNCCpOE0vTAbGaMoeQ,901
5OwjSCWWzVXxuwpI_rVH4Q,2676
mBM3e0DHU9T2r_mfojSciQ,1263
OEWW22gUG_JADQ3h4ajXtg,1843
9y69I1eLkcRAPMnzCxHUnQ,1854
hlekz2L2HV8cVSEkgMvuEA,1923
Pn2oWT6Jgotb3DFBuj9Iyw,2284
sllcxcR9olrF0LQH38lZpQ,2474
mgtbxxT0x82Vvj1K5ql62A,667
IRxBQfA7FdHhzrPjtBxuuw,1397
M_Aocl2RmEMCt-oO_wB1zA,1754
ZGbmoOglp4OaQ_YWuNJZJA,1162
=-dy88UgxJPIAkgVPkoNU-w,2106
ZQPnmwLikPeGD0_1CVqd6A,1266
tfVKzEDu8XYyP8KO1dsNvQ,2002
d-rZazFFYvnjRZUhLTEUZg,580
y6-RZAlmtssiqo0OM7lCUw,792
CSoURupWEyuyzkjMOExKPg,2091
BL4ecdpfysAkmSF8z6gDzA,652
A4GZVV0M7qRokP1TC7jn4w,1467
58P3oSd8P2QNzHrQmRqQZw,1385
r5w3x46xxG7Y-bpB0Rjg9g,926
LDf-QgB7c3YrT4klCo2uEA,1535
aZe9f7korrhFTNMPxVbMXA,2228
4DDbIvNtzfhLRwz-EOLFDA,559
LU0HLP1acjTO1fyjEigbpw,1035
p_Bbe2f1dfZ0iCgdtNieVg,1331
AaTC0a1gQ8Q6VJ6HQLYllg,1347
SDwYQ6eSu1htn8vHWv128g,250
cuxqnMMmbBV0iE2KJJy60Q,369
LVpiHgppBVfIEtukaIB8FQ,1230
7esXk5Z-womBCCjXofeGEw,1151
VudqspJ-zQIlYRBTANgdzQ,1736
IZxdigPOncvAcqrFWB9wpQ,2469
hxruECjY-r3Y1WBaFcl90g,362
tw96kuL9L7vmAMT7wAlllg,2543
eX_f1ZzrpejCp6xJpfLmDQ,1847
VXuvmtDipL_WRwc0NTM3iQ,1447
l8v1GHaB4CsryK6MioZ21A,353
TZhv0cOt0UHoORlG0I5JHg,2355
BcuFT-gQj6Epl56ZAWJIdA,1912
I4L_MJOZsnux3xCU2bLP8Q,98
T8uhdmJgewM7htInfxa1dA,1673
vA9aCw2kTgN8p2SLdm2mDA,317
VsO_rhXi5lgbaGxNwoEZsQ,18
nbIgz_XgxAjktkjS21iCYA,2319
hVKTsUaaJkOKR9v5BY04_A,1957
=-HnNSLlmNbesJ7NF5CmgFg,2257
FY_OXEVcewAQFZuu6fynLA,1364
IqbY-ztC3GC_A_KoKhYKuA,2758
3YmxiAQzZ5EXpMjais3PTg,1253
5UYcl5iBg3boDIXZ7b7LPw,2889
hUvLxFBm2e2rWyUfqwvl-A,1383
HbzAtY5PD6rMifst65PzQg,1442
LqfCXOcyNPzDtBgy5M9VFA,940
qz4ZOcv-840UjfCEYI4qZg,254
FRDZ59oRvUSs4gf-itOCBg,255
5EJrFRz8Ha4D01Cf4LPO3g,1729
FnnHnJ4olV0E_rFql4phMg,2575
8aiSzfAbYn8e2bOZoBH9xQ,2606
uuz88xYUWYFn6j0SJCVcTg,2726
cYR7i2j9LBYXLclktF6XwQ,2534
=-Ogv7rpcgUHkFaSy3vD8Sw,550
LYcw5qaBPhfrXhdDLadU4A,1781
6BXkb7kOhzk9cV7s09CkEQ,2046
NH67MdKaFGNcP-dlu56pyw,1373
fDZzCjlxaA4OOmnFO-i0vw,2142
cdjyZMd7BsbcueU0rtFAMw,2489
ptIRdaZlXxuVJTiJDFJCIw,1072
yOYFhiTjT-SM4spKtDk92w,1317
VleSf6P-lyyyfkgNiwGjhA,1941
FRiT2RI6Y1nds1jjZqvnXQ,2184
MI_iUo1QJN8GKr4j1cklIA,1589
7CTf4W-KT4h6uA_zpGZp2Q,2264
_pw-OnDpCe9XM0rDVvTUMg,1852
9-cRrGH5WmZKQ_O6LtfSbw,1840
4eiyUIimE3CsWZbZuBWnpA,2438
u5KuREr0mn_yLz0T5vn34A,2481
A3lInLxP3KOECWPjQO9k6A,2566
ytpmoIty7loFB8kRYRtJHw,2025
NTMpDwobR8BdSJroMngqng,2195
WoJrHOtrQ5R4jx80GwlnxA,924
5ALqZbLAonfCRZMY-X_MyQ,2352
hirdy05tySe1_S8kSi4MzA,2885
ijlhfRzE1x87_6gnnqNCQw,2910
YYm1mnmE36Ne7d5sT9huZQ,2482
2dJ_UPPCpcjo5JeYPnjaYw,247
7i8eNw1-tdgVcfAiNib6wg,593
KcdZ5y6a88nH846sNLeVWA,1628
yTcLdWP3cnJS69P_U9nwHQ,2771
xY5BFKQFo5iLDhXxihkduQ,2124
uYj2NO1HZRNiD-de_pSdJA,1220
CmdE8ilxBCqzrtg8DpyO4g,2182
5oe5ciunMsjPKLAj0pl_Lg,880
0spv_UWTK46V6e7-QcXw4w,629
kBmfjvDKkecD7IXNyatWTg,1844
y-zsWxOjZl6hwfBo2MQV5Q,2372
Jd5sLVzE_p_LfJMBmbOhSA,1605
IwhkOh4fPsiU7TThIsz6Og,787
j8EdmN5dN_hUZ5Y1wfDFdg,2277
D_xWWPRdpZCC3XVJ61pSGg,2237
4jxKmU2No9hGWCZuYPjeLQ,873
TspN55h_g9xIdKdDzQtibA,1760
yQONzVpX-DEpGSuKMIov6A,90
nU97FczCPxm_wIp2pgtYfw,2055
vwDE7dw6ee3JeAU0uMmGlA,1529
r5Fqveb4iCdngvJ7grJVjw,2617
XibZEnNVOsZQFd37G2J19g,2475
lf42gtgq_2_jPvjfp_K1nQ,361
7pxa5tueoEcmt6hztqsz2A,1299
5GpjxIXq_12jZHMBQk0LKA,1465
ZN-RG7wkT8MLsmaTPzIW5g,342
1_JEa6MI0xl_wlY4gqMHqw,2578
affjTj3KukF943igpTWIng,2686
2to5b5taseO9zZ9tnQqhlw,726
eFA9dqXT5EA_TrMgbo03QQ,1938
jn3OgTqiQIFymRA9U0PTfQ,49
9Nb0OOBSMbJ76hngCYjKuw,2136
fyTVrU5R4cis-MAbkj-V1Q,1064
_ODHYjCmrb3W9hIGJI1uaA,232
72pUqCkncwVVn65cIiX8aA,542
LpilCQTGbm8Xu1p5sHe9eg,2141
naUFPFYH2CqHtTrV3IAJrQ,134
To5CjntVFawXM_hpAhvVdQ,258
mn1LFFcQwEpir38_mPYH_g,905
nRzZac3LVgANpKPkDs4LSQ,2100
Ou5Moz82ivJ6-UUsNuy1Wg,2189
dKtbrGgg5fbl8MibhilP2A,2280
FcBIKYJ2HHLMScsnw5JRAg,2621
AoikM9ZL-0yFdIgVFAvRkQ,2453
plyInkCSjZ23Wmu3I_LqVQ,2799
PejTHpMkh8sJZGdGaZuPpw,1472
ZHPRAv3k2q662Q8Qj6zByg,2402
6xL5fCfx9qxcXCwn7_oE0w,906
2yBk6SvYQPnickE_QJrlaA,1734
tlex-h7TJ-b2X8cLCIfunQ,2281
5m7PunLs8Q37D_Ap5P4RJw,2616
16orLd_wKfdfh4AxTZu_zQ,1304
fMYmjjCOW6XAouNYGYuIwQ,2695
1hcGT6I1vAIH_pZuyud0HQ,1704
NWtC07BxIqQp76kugbvynA,798
hhaUz_YCmU7OfSR10uJGrQ,848
ssSeK9MYRCUjoabppekwoA,1356
tcQrOolSjtS5gcVcEbmwoQ,2556
KLaxBc83JnxyGf7GP7enYA,159
w5XcgWwGAN21Ly2HeU48IQ,989
i8X14GDzaYD_TOGeWjmv-A,273
EWdLB__imFSZ9v8EOJBqAQ,2774
tvyOw9dBJ-ds5fEXMTjzfQ,1333
KGX7O-_WqOIy9o7u9NOa9A,1617
ufx4U76IsSbA06tfnHP5XQ,1988
Yd4nWyfQWVqn_IjBcYqveg,688
uaOePMfZb9v7fpzzxafnWg,2571
RIeWXLMHZQlYprYt1x2f1w,268
RE_avyJUm52qCTRAA2CbkQ,1897
Y-9dJvw-J2d9QKfuL7mKgA,1369
beZVUfO1d2fS0wG8Alrvhg,1210
eI7bKGWMMdOFf3Nxo6Q4jw,700
mM4JGpza3KkegHYUN7T79w,1180
64S2SGzu2YglvmTkqu3mUQ,860
lgWe8lSmcBk4Pq0kVI9-0A,211
0l9e2aBYZfogiSUyxJEL3Q,1018
M2PCgCdlY4t-FwYnwLfuOA,2590
HawM8s5bEUTHyeRLiRzUhw,2781
QJP-bRQvtGvShgs4AnvZKw,1612
PkBkqQpAoeX3Ogo5HBthQg,349
QHyqYUZ0WdxHYPAenIuLjw,544
nzIJdh8jCuv-uXbQSUmGvw,532
U-uTG4ofQoaCGGY5MVsJsA,2550
iYr8t8RVPCiWABBO4I6HgA,797
SDetUVwhaCPGkQYqmUak6g,2027
MqnlCLq3b34Lq1Y7j7NY_Q,2033
=-jbHH3mB9SsSDb8nOGvMSw,2824
1OO3fy6z5lxlRuHnnhPStg,373
-0bUDim5OGuv8R0Qqq6J4A,744
6Tt0mGKbMoAz1GsjkVhbMQ,1327
fhmKIPGVx9_O4P9zEgCHjQ,329
_PSo13KRX_X7FQR5mtUCug,1953
iOITnizWLD3NlKxRtZd5AA,394
IT65TI-FZ-aTeRybXRoOrg,2107
o5Ej_N6wXbYPaZ5h1wqfDg,1422
qCp3jf-oFw4XnW-ARsAR5A,2690
F8q_9PUl-Lwjj9xIRPArcg,1849
QkyN2vqQidQhotvOtPIrkw,2036
RiSCxwndylgzfMc3whD0sg,1103
NhdIZvpM11d720SskLvRpA,523
=-yxfBYGB6SEqszmxJxd97A,1034
5hFnyiEboorArk7cbCYeXQ,1175
UquaBiiMajmNBpqahru43A,2703
tMoJyiToYbnGUQzShPOCXg,2347
mMFW9cZU1gQYv1uWREzg_w,500
2Pd2blpAgvyC_j3xfl1fOQ,2752
pTBS-RD0_DZwu-Scp0bWwQ,327
80j0YZgfJYj3oUN8LCeZwg,1940
=-d1I0dwtCg1IIjnI3DZ38Q,450
grKO-AmJulPUuSxQuplYEw,890
bbi230ds25DLJ093eaSryQ,591
fP-BPL6iRu2tbcvlnjRshw,2021
2ZnCITVa0abGce4gZ6RhIw,2
FucrEEO2laIlAnIZ_n6cTA,347
dCjIsHdc-IoOmfMt7qqZJA,841
=-AAig9FG0s8gYE4f8GfowQ,101
V2RwQooDieMvOPvz3tcp4A,2128
9LWHrYjDQNjFSNH6VbSFrg,811
Rg3INE2p4zQYvfMvJduEOQ,196
0aKii4YS6MYZlPCsKPaF5w,2564
76t0p7bQRbHwPLXmIk2DyA,931
bewtZL-VV1oeGUdAhHVz6Q,186
XMYZk-YPCIUvOXffzVw_1g,1756
4xpACaa99_KFokYvNLXMBA,2536
Zy2vca7i9QFGRKa4m0C__A,666
kr3EFhoSwbJPrL_e_RD39g,2200
=-TulfYOMTsrqVVvjJRk4Fg,2357
X8dNaEFH7LWDt1ORmkfDTg,160
Y_dzA9OHRKa0X1cqcRmsaw,289
aO0t2iAKDISTjrFXJW8Drg,2657
8w7Q0cSYssJGDI9WVxJB_w,1539
pAORQjzIcfBeNVTeyG_wZg,2470
mcgtZvjjCXLY-Dt7V_XZ6g,493
q5fVx1YjEe38Ni-QoiNAqg,1223
ATeF8pmKd50Xx6Nkd_BsXw,1178
j7-YRDU63fw975an55zHGg,1559
TOIu2nR0536vGjSP6Ab_Iw,673
WOcf7AiIRL_wkYAnEF-vcw,1350
8ktREOIxt3kRdJpJK7jpfA,2619
fX2WvzDikMVd0wDzdDOLkw,2122
d2jNFmvjq-bi8MAd9dBzCw,2404
4Vai2JNI48yffzQ7CMezBA,944
lnX2gaGdO0fNtykyFrp1AA,1325
rfuCmgGhWoBLx5QvZqadwg,2147
apEkYsUz31lI3tcJoC4HbA,810
WoVSXiMUMEmJntOCgk39Eg,1229
2xczXFsc4GeilxL8B8R3Vg,1294
W010P4plDADjo2SFq3OvXA,2386
NaXqRvoW2Zg2wSghf9JqaA,670
lwgBIboXZ4j9uuZthAvTEw,267
6I3FdazyK8qnqIYm11x9fQ,951
xczdDnDIUoVZ2ILT9nEvPA,1667
UimUu5Q1m2mYEmAvreZQig,2757
KNIw6kwf8LZkrS1lEnaLiw,161
nol9V6ypimztEEsBofw-3g,2499
Xk3inJcuBGLhavUcdlINZA,2185
zU8IfotOLryhaz5okWx6cA,81
QAUDLYNxhHGdUn5YP7au_w,1478
VWRcE5u_V-J8ptbSR6_ICw,2035
SGGZ6l345YTww09IHxtoew,2275
zBl32GAjYcKNpsEGPXXuqg,1646
5UBAWhxukaPrc_0DalT-3w,96
FOfhEC6rN23RQaUlsR2byw,510
QBWJWwL7YV-sw8geqJvU4A,2134
nts2OALwvyvfNh9focRZ3w,1699
dWyAVPE7Yvj8oI5r2NXD5w,2498
tnHvCJ6kYQ1droyl_6Tg4Q,728
E_wJCQ9L_0w5tJyrvr0lJQ,736
E0fZHHInMb6xscHDrPlh4Q,1413
M2Dw6a9MSIFUtVO3bF2ckw,1749
1vYaGPKQzMebBJXFCGTH2g,653
KyS6qEcU8BBuFRqSGwINFw,1568
vxC3YTLOeGJwrnHcep63FQ,2266
4rySWsfL5enT7t4XuVNJuQ,217
GvwDppcJLm9lso9iS2hSIw,282
CPJkAY5XccuKeIwQVH5ytg,2855
zn_gLMU-Lr3wleSPd-nmbg,1490
24OmQWFTnbfGv-e8GyEMAw,1421
eqbpaxfx2DHhG-cj9L8tVg,2492
=-szHsdbd5-J0by2d62T3Hg,1766
eK6KGMKqU_4nB9RdayZD7Q,48
Gu1zPvplulUE94w04odUMA,1001
55seKyxRWUmHC1s52xk45g,1139
HHFjjljqoH5qs7Cy1i9R4A,1301
=-h-q6zTIdPlkz9BDP11sBg,1915
NUkwod-8wWjQ-3ghMoh8bQ,2738
r-a-Cn9hxdEnYTtVTB5bMQ,1812
M0qJweLJaNO2ikd8koYn4w,2324
o4FZTKyvNx4bxG1PprFY5w,499
Uo5CqWuJwPNfQPO9QvECgA,2370
oa8lhYj-mTKlL_amkJSu2Q,1730
wzKMb1WAJbBVO819P4nDUg,554
=-MaIpPCz4153Uh1pnzI3AA,2525
z_IfC-aIkKpuhGfX1yzdfg,1308
Sij5euwpnCQ8qLdTuiR7kw,2712
RRg-Ju8NjcbB8Sm0OR0HEA,2260
C90nLkXxPxv_1y7cL4a_7Q,2585
JobP0ghILdh8S8l-LhHHxQ,236
bKr2DfxkmVNSWM2ZrjMT_A,1549
9Vu9KhK2-kBSM-FXvxXGNg,269
rM9uulxPgYf5SdanE2LTvg,2579
RoErsFPM0A-1SCqD-FRV_Q,169
0HDkCZtCvua-Wahio1-pBw,1932
IuQMG5Wpd3Oidv086upi2Q,2589
3VKJ7cWSH38QKgCrYlG3Mg,912
U605aUo9MJn5vgLfP3yYKg,1654
KquRRKZNz6h1_xashZ5EqA,1291
kJFS_3WlP6TFdNUYt6V6FA,1994
dRxHjt418sFRxhyC-FwJtQ,2433
EFxaUHb6UwOpsvIIdZk-Ng,814
sHu1zuayEsWgIKdj7nVRfg,1945
VK9AdK8hjxIWU3C2W9_k0w,402
A06Ct4ZTa7QHVhd-JJU3rA,2330
s5roBvbA79SQaO4FHkJgGw,681
ZE4n6W-ppcpv_sF_RH3xOw,933
j0cSJ3AX6bKM9MmwQOSy1A,1090
jzPMl-NoB5F2fwoHX3hN8A,97
m3-p0XIYBQdR4VzbHpUpXQ,845
gQjTs4BDNYSu9oJhkEsssw,162
eVZG9sXJSz9zZpX7H2WHiw,485
wFjpmWwaotDHNaScplVh2A,2084
=-UT6IHfVW_2yzz1bf8WI5g,2224
ut-kla-EA23nJOij_dcL0Q,185
0nyaKW_6QHSJ74OVnDmyhA,303
5BnsHDWrt2z-9d8AzSgkjw,1111
4uvdld7zvWk05RZuI9rDPA,1106
km0jyeBjpL6g6XV4TCqufw,2326
uKSX1n1RoAzGq4bV8GPHVg,1222
vfLog2bLJGl6hAFtGtr0GQ,2109
cIAd1K3INw6se9MX7Usi7A,2162
tsaEEbTVKdWUJRwKJyi34g,2605
g1BQtMfpjrQCVGPWogvjow,634
6cy2C9aBXUwkrh4bY1DApw,1546
3zn5yjALes8-fxLvpO7_-A,2443
BtLtTRjvAGcwxHWBqfB2Yw,2835
YxT-QYCAfg_jaS0g6Xx0Bw,1149
eOPxvbzFTBjO5LSV3uYMug,922
AM1w82uN8itEygsT-fl0lg,2419
Bp9DYjh3_PnDOOG65SWRsQ,1837
NFoVdVCLmJ4InK4g6GYgKQ,824
WO8I1ab_MLQ-4M1wIEzTag,973
YrUSzn3mh5croAXg9zKMGA,1157
OCmmPs_5NBt65ZY7OuG-lA,116
S-1V63bLM0JtRdH45CEA0w,2845
oMycF1cQgR1UVkafXfof7A,1306
BPi1Q5wX0_o5VlO_XRyYuQ,2126
s_cKw6m0Fw9jZbobRH0YSg,504
swdtXYtuCTyh-DMq9wV5Jg,1768
Hlu6geDGG44x_Vk9sP_-Vg,1620
lMq5Zny9bsRnkvBgRLeoQg,2849
JJGkhOmfOFamPbCAaRKPPw,560
pF7uRzygyZsltbmVpjIyvw,332
WkuYEGPXwTqTGCqWtJU5tQ,1985
4iMQGPFeMhbduKTWrwtWNg,863
KjWCLH1GzxmhUJwaWB13MA,1323
y7A3nmvqtyfEysI9nGUiOA,2327
R2FuwuSjmyvzNWNfqzKUvw,1415
EzwpoKQrHgDHwpuCUw074Q,1094
8NoAiZz7Cv0NO57pbpT05w,1204
0K35eGvzVRZEirNo5v_WfA,145
SeTv7EHkGQfpQXdyTViAcA,2901
3gdhmJq9rw-XnhhFfWWn1A,2431
a5ovPlhQkcA27FFu664xKA,1475
FqEsXFhkFKCfMiz_QqUKTA,641
YZnpM9gWRIKAZmlzPDBvDw,2455
R7SVavAsjzN3wy825PiOEg,878
y9hLY6sdKhxz1puWrp5f2Q,265
qrapwnls-3IMg-iaXhkQKw,487
vobaKD_HU7ScskaBfJAgyw,2515
41j3GB7M-Lwq284Pfb9zgw,2249
lVHtVCyFJOqAH0ltn7pLuw,984
8xpZ4FCd69toLiW_Ejs0_Q,1784
Vz-PukBDv5j1UDOYbMbb1w,2337
4gxZ5tPEqm0QnRkILa9cNQ,1713
C5Pbja25w9vv4BlOmT7n8g,2518
PQ-6WWl4A0VkZzhRCEacVA,656
Co-sJv4GNxILkF79ZMLq-Q,1214
YJoph5UiUZ3BEb49vyFAuQ,1937
RYkWbt-nnke2l8X2MzwDIQ,2251
AxdOGtJ8bJmL8uXB0AQS5A,2409
AJoaEBL_r93zoK1tkskQZw,2076
AE7TfOrefJCI_qTvUoAezA,1684
4Y9-JiDz9EVR_-UkUv4dYg,2346
gc-QI_gGpjYusuGzDub1lQ,1218
t0HV1S6uhBxLB5IyZC5hMQ,1170
supigcPNO9IKo6olaTNV-g,1367
qVN-P0aov4z5oknS12Cq1g,1900
w0-_MwAGWxt9_OmzDi0IBw,2869
e8O-nfcGk_z_A0KGgkbmBA,1187
YEX-dbDK5fyRZFkArS8adA,2797
0nT6cj3YBJIJSwHL4mKlJw,2114
nLpV9fo8xml-QHOKyOje2A,235
H8QFth3DVsYbkJ2M7bTvmg,272
ho4Te6bO2tGs56h9PF2vuA,1343
2qqzGBLM9VFwjIuiEKHspg,1668
sUf7fRBqsjLddnj_FW4mag,1889
oMtqDDzpMcFrQwHfeYc1iA,344
PxUQyOAdK8c3P_WnrXuCUg,296
tLRNfwNm789XHWLNFvJcWw,1227
4pBklPWQZSeuj5xynAEOYg,1738
HDTnHO_C9e-QHuEYt73kHA,2165
qFfEUJUIqfIYARCOF9Hgig,2520
9Dj2we91vaYDVhfq6t-Luw,237
eRhl0bBMEeCRaOJ8gbSw9Q,1629
Q2FaJ3zB6ZuGgvqUqhdc_w,2255
FFCkoA_L3cqYXtHtLyvxwA,1887
HIiVx2mseVWKtx8TKfWC_A,165
oyzxIqrtzu-8sWlPhJVsLw,1207
nBfusVbqwul0BU0Rcrlelw,527
HQV5-9CwxWis6yBTlZq-_Q,2779
JLAv7wuaVp9VSo2n_kHOlQ,832
ZQdSGPdEGXPbCWrmJSNm-Q,1871
pVnUE5EeIaIbjXzaH7sLyw,2445
dec2TzjQ1skgmugHKJyLwQ,1964
eVv6UshaBJdQSLaHMTQikw,1751
jwRrr0B1gHYiv8fK4f97Pg,2407
q1nDSpmV-FdTBNj6UuZvTg,45
o8xzAUMAdq08IS-BOEBORQ,2494
ZEdaJ8mcMpPiFWgDuSPqeA,2066
lQ22GkzG0tIJRbzkpMbJxw,2069
K28O8R76bJFUt57ScN46Mw,717
giyl3pyGo6sbvsnn94f4Hg,2208
A8XLtmxLAhgpQPaSHSLJFA,2684
8Paw2C-StKOx7C5nSYNX1A,1978
jz4IgrlqlbKv2ttcVwHZ2A,2050
CHCm6hbR4KSstbifFdCOpw,1224
5XIvwfbIa-vuFEkkeCQ6kQ,17
vFJmFFfPVhHkC3bWOeZnNA,376
fGK50PGohkCJJYamqwZ_9g,2424
ogMsiOU3QA2671pFUvexUA,1233
xX9Uzzc4Q_1qQVarlbUlUQ,2789
Xyrss3tjzUofEm-kZPus4A,1792
7U8TYNW4Mvx6m3zexsO0sg,440
guLkdetJ603Bw_A6tuecIg,2568
GAPqG0WNBBidKeZTMpEZ-w,1602
xAlbnLyQhRzO0ZHH0QGYlQ,1788
o70dr8iwKpHpg0_wjkA0Rw,858
zmjWXerSZlB0eRLxrKevYQ,1928
YxMnfznT3eYya0YV37tE8w,439
PuHucejs4LG3hSXnrwi9-g,221
doEZAj-NSnoEMOJl5yXcNw,396
8dlyEiypNYB0sVfdzQll3A,1975
lF1917cvbCzQX7BcUvlooA,2336
odhXwWaYZvD_icIN6f_DbA,51
zG_wv69bsllw_PWhOmoAKQ,1076
MhH1kl9faN3RvIO4ptumTg,995
Qd0fyF-wB_1bQwSB34ggkw,2131
coXomDOValXzks6BwMHG1A,1919
C4_VnxikagdjSbNQiblzYw,280
UwQ5PWlYnHsAIj1DCW4dVw,639
dpnUnyzN_by1MER7F8ezzA,2406
nCae9E6KbdjjVwmhmZ64hg,1232
fr_wn6YvyO3bJ5U4utetBw,1787
m9k4BhXgNTBTguxvLNUaEg,146
qP_IDUD0G_iTZitOypzrzA,1278
bU4ZRr07Y6DFayPK3kKFsw,816
X7FAAKkwOwaUUpR8QPChyw,1435
4eFIVmbeCvJGCrhzmd-VYA,290
k1ZUGZjLybs_ggOtIEnLGQ,1801
PiTV58vXctMLWkq1we2Ttw,2561
VQTjhYGMIyqSRJHgHLFvjg,1345
J4SaeiH0sIhX8vPZlvx6UQ,2412
T-FM14EE1tt-94eONQEaVA,242
cjFDprdEXbDDdraONMy5Pg,1580
GYPHQGaB4Oeq9veH-p2nKA,1976
kcRrA77bAFoKyhQj_gSbMw,1118
wEsor9I2DcyYoR3brlqIMw,791
GySv0bydiTOkP5yj1YQImA,2334
bDSqqGGzbglvJ0HkIW5j4Q,2151
3OauvrqUU8nDLWcW6q9hGQ,1665
7KB3eQJASverUUah-I_0ZA,1158
dnBtxFbV4qHXqntYGDUDxQ,1567
MkQz_wPoaELPVy6Hwwf7Ug,2504
dsMvINhoQbIQgSRTBv2B6g,977
OE7RmfGvpvSEv4g3xDKfSw,2279
dgARnB68TOefhXvfV4iRdA,2462
tvBC1FNxX_quNv-4IkGzQw,1850
mS4Ad7Fo_by-6UHOdcBZIw,2649
8jTAfGcJMLs9VNcG4dndNQ,2349
vtuPl3gqOrsIJ6qM1ldDWQ,2390
s6HXO1fw-yoUghp1oszDDA,599
K4DHwck_2ds1wURnmZdFiA,539
GDOk9k-k-f5oPxmn1cd9ug,1267
sizgL4E5YgQERAz9OUjObw,2584
VZj6-23HOUwbVNePEsJrYg,2009
Upru5VE0jZ81ZQVVNCK_uA,230
d2AeNB4xw67E1Bzpo1Pm7Q,455
i0sMoNwiNAo1--AsZJ3Nlw,1562
QRkwEMoYWuT_uTqBfT1kbw,2636
=-_jLCD1NWODEXfgEAKfUAg,2912
wAs-stW0HP6OXVXdpawnBQ,702
YldXB1hRpnE1CWLF3mvgpQ,286
93hdmjYc8IXsf69VrkRHog,2010
4SEaQmnUIpqZXPyCmHZc1A,2501
B5hhRbxDIADG-bFaQIEWag,941
AI_rsyiMgnaNPzn_dtCu0w,2538
qcm7pfIdNn9XBuPEtoogbw,2611
WwTK9w1qu4h28a63gFz25A,1545
JUlwoai_WikznIEQ7XCENA,1482
CFdPTWukph1ownRkLiglJg,2163
83nWnjqWcvJCQ49IHwNh1Q,2331
Jg3COi2_fHG7urLHTKvP1g,1388
fZELqByT0VHrQHwYm-F0qA,1597
6oNBb3SYGg1INhSxlPBc3g,2761
t-uJbFctqW2eGtlAIAI60g,1864
O4E5IXT6zVJ3VpbYHqxRug,709
O9Dq9GD6V9WfP9C1lwNpYw,2483
fUrErf3orbQN26ocjCgvlA,2408
djaLlLr3jlPApAqL4exhxQ,536
nytd8aC5Y9et_iMCuas-vg,1918
McdTNj-TUMOlfkHwQWs4rg,59
QHpuQ71mZ_htBIt6QZSJww,1342
Fb5ZL4VkO2Yfx-bNJexAkg,2028
VWJqohlU4cXYIpNwYQY-wg,1011
5Igwt99qrbgFQTR7jFC6WA,618
4ocBzpAkIrqXvz1Q6Hysjg,351
l4ymgiD1WnsSrwxWWk7a3Q,513
wNUea3IXZWD63bbOQaOH-g,1819
pfTvVee_dAieMqoeomVtTg,698
Zh6zpqN_rFZylYexWW2btQ,2389
MUsqPXthMdHoPEow9M3MfA,190
=-Nc6vbO6nXoefulN1Knl9A,2626
j0Uc-GuOe-x9_N_IK1KPpA,243
imvNxppzxkLUPH64pQsDQg,197
jZGPpPUNM2xe4N8qS4Tu3w,1806
z0rbqzkp6JAorvx3rXANYg,2529
JN2qXIuDXnV2d8WnSqd28A,99
C6lM880c3gEdk_9ZjtKYWA,1609
5W0WLaM5gue42MQPpcB0lw,118
pwsPmCKDMJQ9jTpdQFjFTA,1700
IUnRnZHmA56Tgr2acpHRow,2537
ofLNaTKH717z79x3z1dAgw,1750
lHFsO4nIwwgjC_oQYqfAPg,762
5ExteHEMPi6e_rinQ6RrIg,1846
8DKEWD2DaU6XlMNRN4QNlA,2420
=-yzl8Zm-MmSqx31VN7vB0Q,997
pDC6ODmk4rCHW1Syeqc87Q,1962
4XJ8gO6cbS6PuZ9dzPsrBg,331
e_-VhlKn0zYx5a_GAUNPDQ,902
BKSfpb_FNv5ZRUvBl2tqqg,1791
oJpmYvLibGrYPDvcaUeMOw,1337
44kFi0DuqGCOSBPhUIr8aA,2904
gxuVySgACHDqJlwmelFHLA,227
bxpzP73A7gauvxFEyd_8xA,183
gp_jHO6waljWuc0lRVtseQ,2693
Y2nuyOKrr8Kg9omMghnHWA,937
9tefv6uPxoHhp_OlQQJVXA,91
_oylByc6iTONI5lokMfYHQ,1176
mTc8M-drs2HSG8paNUTTQg,1845
nE-qMmKkYEuT0onFTLDFtg,830
MPziC5MO2QQiYVAMM3fdSw,262
AX56yxldIb7TPBHMaPqOmg,558
FBr0VLYwiuy-LhSPQIKsAA,2596
ftNAvqB60nsMbs1Cr0moXw,2152
UIfORCz28cEGMr_9p0eJ5g,1615
FgAkF7fscCV4TmBitdsbLw,2378
IiQvDbga80HlrY5axVg-ag,2783
ET9VpUk1UgjMN5DJRV0yOw,184
Yhe351NgKDMnLZzIp9_A-Q,1532
ai4e0PDmLLrlieV1oeo3XA,699
GNZuoHxehd_3Kej7eXj8iQ,854
6xDQaprsX-GMl6umXeILPw,1336
691w3FIZWH7cz3IYGor5Ag,1947
GqtMJxq5-7Xp1ZXXmahLaA,661
FURgKkRFtMK5yKbjYZVVwA,1989
7S6m2YUMD3RqIdmkd1twcA,623
yaTx8l9SrM0qR3Zcdnw5rw,120
jbKVbSz51F8IcewsiRQu4A,974
yuS1qDTkido8zUFrfj8O0g,1519
GU7LzwoEZrU4ePaIY9T2HA,2842
PdWe3jF9YEu5fWBiQXZIgg,1237
9BJYR2o_PSniFnHTxpY1cw,1238
4iRPMiDQQWFA0IS8lWce0Q,2415
jll99F7q_YGt9qAiiC8QEA,2784
htMf9hWX1cHscJOipXmjCA,1131
5KwTR5ywZ_ntH3OGsT6Lcw,1909
fGZEYvCzqAiQEUYUMiq97g,2164
Ndk3mmxFthvuGO7LFKeUmQ,2292
FUE9XeUVX9BD5ruo2EOPLw,1093
=-sHaV6At__T1RJQXiR6d0g,1119
fmpEjlZhFlMHaGmsKJlUTg,772
Kx6vAKUcy3wPhw3K0W9LKQ,1832
xBCfrESSbroTjhVcRfG4NA,915
mUVTlJSil_xyjPD6qMx8UA,1104
R2M90cHdYRUYVB4VzA_fYg,838
QAe9UHKsxPdXQovBpaznMQ,44
g2PqgHDyjj8X8v-gZA7Yhg,1129
mqQwChPNN4o4DhAzaGntIA,660
6cYe4SUhWhSdOb6UMA4-_A,2077
z49aOi7flFdXBXbC58QJvg,2632
NQhPkGeHiljeg7tXPTHJeA,723
ptWjwm9zqqYcSUkqBvm7-g,2717
OfBBUUWZtO1HgWc4BWlCyg,2803
RIPnl1BAUaY2rSW8cPuQWQ,871
=-gefwOTDqW9HWGDvWBPSMQ,589
9zTMcz5qV1nkq239nGFamA,2533
ekHwmWNXW6etO4m1ZPWZ_w,2461
Xq1FtLSV54Spf-HfONc1aA,2014
8jo2gkJRkQFJsKm7g0EQ6Q,2464
dKNLqQWUoWkEp0nF0Y8GYA,1541
GrUh2Jo6sL3wllrtZY4zmg,1518
lxinwEvcUHFFY9DONHDpnA,2567
XqBVtLq5mPLRtWD7B6S-3g,2837
TBTaMIaeDw5B79hXDZBtrA,261
wzQAmzQopWcfoCG8lfiE_w,1473
507GX11jtCsVYlzaur05_w,508
rEC1QrZVEYH8LpowJ_DNZA,403
HrTRDuWUikpCsrVSgRVKgA,1785
qRBeZAFiId0ainBtpFSGuQ,1967
Ls2ZYnTrESmH8t9TpCSHqA,2662
d83_qJwcOYOojQsapu1Z4A,1600
YjBPqE7OqQrE7fi3IxbxZw,2650
auorqdHiATGZHVd-sd79ZQ,137
7SDpCNPIodczv5Vh3HfczA,2381
d9JDpGG6Rowq7L4FWBI86A,405
OT0gFIAr_c-d3i-IQ6TZQg,154
s0kRiHawc3BlFAU8I-GU9w,819
iKXnctUJOVxenM42ERcekg,2573
QFHqziOcSXsZTQ4QGIqmtQ,1470
_eymim7Di9WjVOxT4OSnjg,2612
h2ewvzx8enIwYhNbtIpcZw,82
2dhfkraQr7AcmYIQHOed_w,2731
8ZKHkc8IGwzmPmd96Bf1Kg,2736
ML1RJdeZ7bbfMrHvJ7m99A,123
RIP8nL2Gbiu0zb-nCgZnpw,2034
ULS5w5Cg-A0egr_fDd8v9Q,2753
trssep2CeYS771KOUFC91w,2392
DeAnVirgOxQnI36V1W158A,122
X1jTnU6c9eloN2Bxs78uTg,2120
ubfD6-I73lP00v0fkx-keQ,801
4zBdx_EZFaDFJ9MvqxYNeg,399
ddbDLzrMZxfKLjxtKOhWTA,632
TrUlUCfoa1L034YKEermnQ,1757
AstBY--d6rxLfrVIfXHF0g,2685
XbVqzUHS3c9FhG4lI13c3Q,663
7UTlEVHU5v2xBLdkGghyzQ,251
lO_HY6I64DNNnrUF4kdi8A,2486
3ZVG1MSRuvheqZ4gOioQVw,139
eOug4Lp-b5-jrtkoLMQq2g,1014
pqnA2OyZelTuy46EV8VgEA,1584
0nGjXTpUtpIJl10PL0eBGg,2105
mNjLNTOXSckssvYNn-ZFjg,886
CMaJOgyFrX6gVsJGm1bttw,2207
I2IofjP2sHZUkv7pcoc33A,77
dVRRT0zVk8eFNx0Wv6gMmg,1863
yVqOKuUTsHTFbLe0YbJvLw,2115
NcAI7SE1SNlrOEfFg9Wzuw,1824
PN3aQAH-RONnK-ahkNm0xg,2005
HrSowDDXw71VD_d-4g7I5g,2306
qNpNPI-f2Y2eg364-V0deQ,729
CcEpNRhwxyZVTKWXfYqvqg,2222
1OQHQz0ErI15EZ6qtp1-Pw,932
FqzgT9Y-Yu7jiWdHnGW-kQ,1052
AaKlegu7gmOCD4rEESF76Q,1425
SfVsLCVap7VlF3GLUI8PlQ,2426
7LGjM8HKJTwqfYU3C7N_0w,1908
bexPpkHMthuCaeC0g0Lrfg,354
iyc8liplbJCVxSl9mvel0A,949
SAS7V55TcgZSTJ21ZnXqmQ,1645
gWuraq3uYYKYRP2ecR5jmg,2338
AhoS05eNrT_PCttmBQRLSg,2836
=-sC66z4SO3tR7nFCjfQwuQ,1598
CkQKNhlm8DOzxbXm_zb3bg,210
za5sHh-jpdMtQEmmV8gbnw,758
9BJ5h9X1krpXFjKj0a6wbg,1026
W6624iddi14DsGokORyzcA,2188
4IzlijxSSSFdZyh6-da_Qw,1249
k-vntVSMTHeFzeAd1xoX7w,2371
mzbQCUmd135tsNW6hY3G6A,1046
3m7khDnqH9QOg8gu3Ymumw,199
6VaAYF0Pu1O3d-yrQSwk5w,934
6P2DqisDHtmD4Lvs2sMP-A,1618
AyPmMe8GW6J26NvT_oI88Q,171
PXmR1MgOAWB066XH20HjxQ,658
neEGFNmmKibjExB4_215ZA,1899
DUDr1kuGv6eh1_s2GWJVgw,2243
zht8__JJoxkozBhf_vuKYg,1182
3UMcsN9IjoeV8JZvC4apag,119
S8R5c7-plWe3NtmijYAJvg,249
ho6IK-8e6owpzRLpgqB2yQ,692
K2KepTWi8Dn9vxj4QGB90g,2607
5tey93wPQOb7z6jOLJZ30w,1321
KRqtYdnDpwqYfWkFhZYjow,421
9lWwAw9u1IVlYKbGiVOTFg,1489
9s4xL0qiZ93BLz5XTNWxXQ,596
5GpvSL1tlAjpgdJKZ5eLpg,869
GikgHUUW1L7Nut6Xp0PaTw,1049
LFD2IAZUmtPIddFJDcBkYw,2300
6F_3fSUPUtw_9b93g9GEmw,1570
H03D-h5UwPXOv64W5Iqn_Q,807
JMZfcwARQ68n7GGsqmtdaA,1716
hQZGxLGcqSWb89ZFhdExjA,1451
x7M9x4AqyC-oYk0rajrOWw,1569
aastrx4llH7kBL97DWfsXA,2546
kjZJsF1juY_pTOw_A8Ve6w,191
2VpSPb8IVXNqyVY5n7caGg,1370
o1W6gwCqnJqvdCenLWz5GA,2302
zSEknIqmkGL1pQt-ApEeoQ,2016
rLv5DPLnO67TCHIbbBWYPA,935
gBcpDl0quCLABsg5OuSFww,6
ZZlMGUiKZNiDyPLmra7RZQ,1330
8bb8t2Y8y5vlMQ3dYi3Uvg,794
OS-lEge1e3B_uKyA0mhhpg,1197
ERtc-EXdP9erEBoh7droww,1340
i--afvRsP1TSJyQMZKgJiw,2262
sL4n5lhxqoZ5l0d8gwIPyA,2383
iPxUYvC8tgt5rBr-IZlSeg,1705
N_xmefo_3IIGa7ovAwH78Q,1533
WjtJAtp19nA61b8LT9uLrA,2394
K869zHqORZUhpbDOxsspuw,1431
_viHcOY9w_CitP4oHpZYdg,2369
t6lvhOMRI0_AJrEqA7cd3g,2444
1MQmujTuU-3qPdoogdA8CQ,2580
jNyjPyaGJVoaUuyQzWgILg,725
H-02hZPbb7R6jfX2NgFH7Q,2332
p1ntTC9-CI6x5Y_nUoo6Ag,383
4zitC1IPRLvHfQVinRSKew,1259
WJC8HctIbxatLbcuez1UOQ,534
UXfBNKjOqKTW8S1Vz2vuQw,2798
2rMf09C5uXzF2qIlD5F5BA,1853
b4OWMo5U2WzC4QVGde5NfA,2688
TizJmnlHPRU9FLWwMDASVw,665
wJGJt3NPaHvE-GMIeN-H5Q,784
zMa6YoEekpABg1HZnnTZdg,226
EUr0vtwmoeKo3uWYxxUFiQ,1883
przsldlO_MyTbF6epAVTlw,1213
=-WZIxGXJHMGidZXRhKxP3w,1289
Ot8ZYcmDZIbUeoGiU6XtaQ,2733
jq_YnMQjcArdBWuwRospFg,330
bMfvRSC-KaTu3QYGMWTv9A,1138
TVsnQld_z5eHDMnkH9s7bw,2030
GpK9MeUjEd7rwhejG2ykww,157
cN6aBxe2mQvrQlzk26LyRQ,961
FHA2j4ESBkgGe3NvOql4qQ,1328
tox2jrqEfV-HTmT-JixxnA,2557
cBzZpDqBaTdugB4JvfEhXA,1177
scr5gHaPC_36GtaCxmJEHA,755
ksD6Pv6wOocscrEMqfnYbA,1959
jYQnZdB15ATLbQNXV3Kokg,2506
jqbrMBRsByyVBm8OoQ9dWA,786
_zksiS8qbYcn9GMi6kqhoA,479
0HDCJO7QbEErtnTt4_aimQ,2210
r9suhOcuPWLeGeEeHhJZPA,438
M4KIUu3-lAvD1xeWue7_OA,1083
=-S7aL8dVIiXjCdbTZVn8uA,126
cInzGnaFZ3EIItvFXl1MvQ,1936
plrLdKQvnyWlDvQ3kFSqwQ,2405
p1sX2UVxEjPzd92LtP3c4g,693
DuaoskPAVBV55px_cwxIVw,1993
N-DFmcKLm5BxleZJGoJ-dg,2193
DRekXCjdmPESqDpwaQ0x2w,842
0ylC0tsPUY3yaoXRaCDL3Q,2082
oSKT5oZX1NWYaHwOWL5lag,43
e3v5KRh05Qqb64U6R8U-rA,2581
O48Mv1VkQYZrDkR6LhnY4g,1877
qP1qB2BZRmrdsh3ZScttiA,914
yPfvOB63thP5t3pGZPJExA,208
ljx5LTH8Ksl_KoyYZlyH8Q,2449
KnLsrf4P9GkWYLNRQLUgsA,1790
qkQSsY2c2dYrY4Y7kI9lig,1189
0OjN8M62r8cJhSF1mGfsdg,1286
3Df6ICj0rHROVH4xUlb7Yw,1789
GVUtuBmDdvXxXtjrvHHJnQ,796
UWrB5H3G-hhiHMy3iKV2ew,111
nTBXq_Dwk092aprpji8wIw,2601
KqYY2rwD8ymjU9mVJwiuRQ,722
XNSito__Fne14TXU0vz1Qw,1351
hic_sUwlw1NyAM6eG7x5RA,607
QiBNnRkMZ5chmo_9eOzv5A,1866
r-8wS4RTfRJtWM0DvdaCtQ,970
VXLTu4PnNrKYsma_UiB5WQ,2652
NvL35mHpScWI2wnLPmYQCw,2045
fRtuc2k17r6aZMJWEMcXFQ,506
2B0pIRjAt64mFMV-2ZRCfg,1136
JvJjaTJCyUGu5SDpoJWvZg,1708
T11YSYqwlRDC48V8-W1GRw,1997
3DMvGD8ZmlMQmhwV66hdSA,222
tzGPZyGuFT3dCT1Wpn9JQA,1012
9xsmSRFD8riQF7UCBrD88g,821
HRTg-u2fBf_XzBSUgd6sqQ,697
Oq3JpmsRsNVKbwKScAP-nw,1437
IOi28HWX0qIkI5r_nwhlZA,2872
jI4iiwCDbS7-HiZERnI6bA,2711
d1dwAa-FxyowEHMGSu_lNA,1778
2cMWbJvpxgmSAWoRQzcNIA,1865
JJi5HMpypL3xNB5HjTMeCg,1283
mqLIvIVWmV00VWo3L5pj3Q,2333
PAtgWCLCFRQd_fjnihISOg,178
AMvEtuSRdXzb4abwFgL8Dw,870
tIuw93p4MEsL2iFv7-0WDg,1874
ITyAEjIw9ekv0wXpGHQF1Q,74
BbuXEb9s1uxAH0TMX-qjTA,1362
DLBRqj-RXzg2QPJko9L7dw,382
cp39VURFby4A6u9m2It8jg,1826
lFs2xPJ6Nngi6DnHfsX4qA,125
0dIChGWBs9ueUXl0hhkw2w,675
SaIX7eay0vV-FxGPqTk1yA,1429
PdRzCJWP7nPdYoHPdd5SOQ,604
yExYqENb4F6qH6kJxTOaSQ,29
Y9V4EebKsaBmvKPlxXVheA,311
u5o4H8h0sIVhqa8Lcusi5g,417
O8VZStQqbwvHb8aayyTIWg,790
v1aLzjTphPc6IGIy9k96vg,2356
VDr0xMDFASWnwKyS0qRaOQ,2854
=-aDuOZelvBHWKh-NrXooow,1651
jLeLQ6MUpQIrgJYbZR7igg,2759
1-1VcGTL3GyCqUpXZLFTZA,50
M2XYECrSDgjbdVsLR0hJ6w,2633
90GJDqPDCOO6FBcnYXEQJg,1810
lPAHpSIc2MvY06bWxrFRiw,742
z3zcsnK26QhC7TqDX73zvA,1184
aInwSigdsLHCdBEb0uPL1Q,1890
7k5StYQ5770p6tPHadj-TQ,2393
Lw0Y13fAlemyMHD5i_qcZg,1856
rluuxDPHiP9Z4qtNO66eTw,2318
ixTr1qXUFGTzyaZUuCDDvg,55
1cGZU2gDewDfEu-bBMZEgQ,401
Ddsln32r-uA7hq_0ksaNZA,1875
WiRBzwdzVMDp6JRjWRNaqA,2734
Ak8rB_c6yqrOqzzJhWv01Q,2743
4WxaX48bCR_SHLb1KI49AA,1649
Z5v1F-tAV897ZmM32N0wfQ,1635
0BpMvu5B9fY-KEbOuxLtFQ,1399
MQNJNjLLDfsIrqxG-DBMqQ,1566
f96lWMIAUhYIYy9gOktivQ,1579
WdP-kElH42A1WHBU44rAzA,2877
PwxvN0SnAGPdqXdNEYVT3g,1894
78LfhCbXfTHEHQ5Drb4dBQ,2902
qy7NtAyd7SXXPM0H44XVAg,1453
FncEp_Bs9JJxthNk44OQrQ,2505
wN_wAXWg8W94v04eqijy6g,1963
4gLecengX1JeGILm7DwU3w,2706
j3C3Q_LbK58xuwO9SRz1gQ,2792
RYZ08XAToBaN-bS5HHVEhQ,524
VFRfBYycuieR56jZ6dgVeg,1911
egewu6VzoA8uNG7IPmzmdA,839
M6fjHpkL9IRI-nI0BattRw,1711
ZLiNw_Q36b-u1VFSeEEfsA,540
UCEAhciqe8avW1N-bWJ32g,1913
e2oXHln1dux2ACR0QQGoeQ,2555
CqhsIZ7TzCfJTrZqg5-gqQ,174
4NMElef11_YmVzxOpcsALg,1107
tbt8TduAgw21YAr8uw_AYQ,2516
ytcm2DXuJWKPTqCtr6uJ4A,278
yggyuN3FV_NiQCKfvN-b-Q,2310
8ZQc4awuK6_yvcERvczR5g,1377
V1nEpIRmEa1768oj_tuxeQ,979
8s392ZpX8dfO5Ol2RdQISQ,846
bLbZRs9Kcy1aXsdRWYJIgg,1226
6L9McpPjh3UzZxvR1cf1Lw,1576
lvPuhaXpTayf89Ki4ljxmg,2775
XWvht_1ZLdK7EHJ3jo4q0g,1073
4MZBPKr4Kmw_5hiElostjw,2354
nRO4tRwimU12hg7Cnz__iA,1004
BD74uSwDe175zEqfppDRvg,1068
Fy4uYGVdR20B2_dtyiOSYg,2699
reMYkuDhLk4raAviOFtvOQ,822
qFlELzHelMWIgiFYe-nfCg,2586
IzA5qhgjpD-SeRS2Ei5NOA,1578
0gQrhOYWdO0XVZEKtOrvaA,365
gxQBcIpzjGPCh9Gbncu0qA,390
CkfZW-6dkN7ooT-A4axZIw,436
4hqPdtPCH8rLHTet7k8-RQ,882
Bui7TEFaPwuZtW5QQg2oFQ,735
NaOoL6mqtdyR3wikXSeP6w,844
UScgPn6pIHuOmQJTsZQIOg,1032
ZRJwVLyzEJq1VAihDhYiow,1992
LGkmUbymiNBzX99MxVAV4g,1572
yCaSjO3AHkirEyQ074cp4Q,2583
FjSttKipz44vRwKpPwhh-Q,1996
9cQ0Sjq9L15whA1409nZGg,2780
bH-p3SPFTBLx5jhG0Bj1JQ,2871
MEraJIKYztC7IOzYwMe86g,138
WQJwpYwEFT_QTR-lFIh5mA,356
YD0oiqWZyAi-lMw3TQ2TqA,2003
Shl6PtJERnowSJSC4IHbYQ,1198
X84kGyCyBbPDhIb_l-N3xw,1153
_OYlq2UoKPQO_ElqhC3a8w,1885
0Jouvs4G3d6CcG3pYGZ20A,1571
SkNUbFJiJtbZjY-S_S0u7g,105
a6g_S-tZojf-tTZ9WA5n_w,2905
KXMfiG_2_LALAaGzxt1YbA,945
QPheu9dnwdlaPwXofP8ijw,1575
Zruvunhqw7cuyuoe7g09Gw,1592
xHVequQXQGVd1aT27HS6_Q,1137
K4VHuqUFwc4eeC8LkMLyTA,894
hWhVP-28LYP3llaMlAJ_JA,54
EX5QAAciXEwOQ1xnFlVLAA,548
IceZ4BtTz76eppjNWm-c6A,20
d_8bMNQd0mesbEUeq1U2kQ,543
zPUSk0zyx6OSpKXOfAy8yw,2714
GDmue1oJaem9ilywDtA4_A,2231
rcACoPoSovDJPx5hpeR5Dg,1601
IpI-5jb7m5UGaDB4c5lH9g,1148
YsR8Ki9EAtHRum6q0hXCfg,2864
nS9Dgj0a5o4Et80jFXBlrw,1386
oc0Wl6ktfMLb5VZ2Uz6M2A,231
1-t2rcSaH4JGi1jejiHfCA,443
vlxMPuG6LYJ-c0yjd6AW3A,2125
Pfb6VOIiroqDWOebfgWGPQ,164
CNS4j16dzLWDPEV-UM9SLg,2116
04HakCR6gEeRYNAoKxkppQ,73
20Tb7OGLHicQoT3hldwGaw,836
ejcnzdNMYQpohnnhLPLtLw,2457
TLFPee56Ki7cJKZ8zpl-Pw,835
LeTMz4hrsdHhiS-vNBj82A,827
AVQMHeyByhkkYEeDbH9HbQ,2040
_-9pMxBWtG_x8l4rHWBasg,2006
lM3q1N0lpxStCLYMCoqGhw,1316
VY_tvNUCCXGXQeSvJl757Q,1696
7tTK3VPlFtBGBHm8-LZIUg,2072
_RkvdDlzEFSRnGMrTRkVYA,515
bEYB3PK1IKQS_kYXaGJXNA,946
jZ9J99onAgRfwa5XeaQGSg,1208
a4bvXlGHgS6yUDp9YMcnZA,1492
=-vaGR2CXNS4NZrMdctSkGA,1879
VzQpPsEjPdehuWoDeqi75g,2526
K3ujPUNW6NNIZv_hRI_yrQ,648
GoWTsb8sGyJ026a3cbw03Q,889
xqO1fp2zuxeeYjPeGP2Eaw,1681
d7V3ykQHqChv0KtXEanKLw,562
C_YBdVpxct0NqjrCJDBlxA,920
FgJcIZa8mtlajxc4uPNjDA,2709
SAaB2_tdkALzrFK4tg-fRg,2687
k5N9Wf6aijAll7XtGct_Dw,2827
BT2Vls7h6sWrCKa5gGXbKg,147
P9z62hMP-QAGQt406dylpA,1907
WCGU5Xn01lfNJG_LvEltzw,2417
JxgoluY8hnC34cys_f80xA,179
cjUmPLRT43wN9Z87A9BOpg,110
53Lq8bak88EtuZyKMmDPmQ,355
85rx25T-XBIMpa6goTQS0g,1712
4ekebF5aRXdIFeHkDggixg,2259
24qSrF_XOrvaHDBy-gLIQg,204
gY6AhCy22G9yFlAGu9vMFQ,1506
dMOdFKdeI7GuZUIq0jwAQg,334
aACW1qAdOfgcU8yX61dOFw,507
ziHNT33d9w56D0C04b3tnw,2216
g4tY0hSv_dzJQPUbdLOyPg,2463
qXQ3ZBdwI3GlbR5-eYWqNA,374
rFgSvsgo0BWnS03NFgI7Sg,2061
QdlLtW6YAaDOFKihURosYQ,967
xs1LHeJy78u-7taSEnQ2Yw,1588
1_WD7kvNQAbscw1c7CFH3A,1970
kWxU03Tpv7l-1eXfzC8HDw,1264
KoMjD6HgdR_lnFxbTOwZdA,1655
cgNIBHS2mLdbTRiodAT6EQ,64
_Nx8hwTmjR_x62Byjav0Ew,489
KgbCo7ZDFc5bY7w09PReGQ,2451
j8nyAaN_w5t6wYv-ni23sg,16
iVPjpMOlFlg0N3F31q5i5w,1753
mpkqgw2QgMQUmhXdPwGGww,636
0RqNRc6RiILzZxK9J8Kqug,1212
WzhHlaEyaHE4KIFfcqC_9g,180
9BH18avE46LlHMvJn67MaA,30
LGLOtR2e-v74MpB51k8hxQ,413
cQZcWeIDKEF-7nWU3gJMUw,2253
e2kMmgqvTiemkP2ODlR0GQ,2675
77pQVPhksTpz-Yz8v4bK_A,2739
n9T0jB7SQp94OfWMqF77_A,2898
7k1qu7Gm5hBHu89v2sGqcw,2613
qwxMKdGVpPWQ48QK1eIm6w,2787
__etvGuL2dh_a1LOT0gNYQ,1903
VGhMTZyqmGmM4Lrn9i6yuQ,643
iDoigI3605ixHl_qHly3Tg,225
ODjmGrTHfm1vvnXZrLabow,2674
SOHp2b8quJEitFeuO58Syw,167
KYbkCDAxScIuknxsp67oUw,1168
4_xxWpQKhBWhAOvfVPmFXQ,2089
SkiQh32UtfsRBj_l7cGwOQ,1560
ZAgPh4v-oOb1g6cdlkKI0g,86
QplY4p8HHJY0ncbgcpb8WQ,275
cuojucZ1yF-v4TRqZKD_4A,2888
-7XuLxfYwZ9x72mEKXdv0A,2278
T6dbW2UuWTKar_22zbbiUw,1504
Xta0mTpGJWC2yi6kiQm_vg,2360
C4WKOmFlw9UHTe6AYaC_ig,2460
YHGpemLe7cbnPSubG-cRRg,948
ygt9aCJ3X8m3M4H8vU7cSw,577
WnJ9xlxdJwMti7blz4d45w,2150
Qu1CuEVFVGiINEoGYXFqaw,2722
Y04chCG7J-yJ6ucEZ26IGA,1260
vlKuU9Jvo88EuaYQodElQw,1166
VLcQ21rZqTUbrzzE8-XgHg,1108
wT0L6ZyFjq3CQKYqENvC3g,2047
TgIJfXqEKE-JsD0QUoaC5Q,2362
cNGI_5GbfNFbZBMQZ-s-UQ,1484
qlrZzAktK8wODSHxhLEK7w,1486
hfe5StFcj1AH4DVe8coBgA,1782
3wkQh4bxR0Ao6rK21UIBXA,1873
I4uDkxbTLt5l1JFkcG1e7g,2198
oaWjFIeS4wENJdsl5rBRMw,2430
gOgEPdwS-oJV0XPlXErNRg,288
A0tz5rsGfK4BnN70PqLI4A,1862
ouBlOm6OSfVKWatic4c2lg,2298
lykHOB7mmtC05NzlhyvbpA,713
yirzzrQtjXhV70l_q5G28Q,2825
KoJ4jNSmqYbmKqcoh-2dNA,1378
O_wVKStXEt3rgZc6MjROqA,2818
hfl62LX14YqNpG0g0Tj6_Q,1071
=-fA9y44FrK8nTRxjyntfTw,2342
MoMu4FypeaSR27G0qFIc6g,2592
I7uXE-VzXK3Cp4mvVp7osw,2923
xfk9eY8gmwn8qsbyd-W6lQ,83
kR5i58Pcse1FD9tk-yYLlA,27
KPffNxenVXEbKeSeC-zmfQ,1147
wRYdSL-AI47fPW78Bh4Hww,2133
X6mWr96ibKdXQSA6mpH90g,1375
s_rPbgLOpWDgulVn9wd7GQ,495
41V_WrLzJErAkjAHbFrqsQ,1905
LVHi2Mmv_InPalrbueCULw,2777
pNJhovUsGAZ4XqG3lCU-5g,328
JLHBdowaViDIvRKQD6iITQ,570
=-hzkQ8YIkExQse3vX0HOcg,1082
mBDhy9j4qwKRnf4h8UQnrQ,1409
2VWIaLtfqH7eXWsP4A_YXQ,1206
r2S4arkHyRcUroRhggMIoA,1658
Aa-UgGOs1lDZzQhap370Ig,1949
s2lCXuJ3fUWf5Itf9QnrMQ,2375
EmnTWQ-MfA4B26Fd_p2oMw,1203
r9sGMJ084n4IS9eGmlCKjg,1065
arqTt6XNdl3XJbTGm215OA,1851
FZbOTO_WU10O3YEi60kahw,1358
v0UcWfHvGgYZYFobaSOr8A,1573
6YH9ezAC31gbpnT3bnZAsQ,2335
J-hZO4fV650kAlvkqq079Q,2826
WYk91WPklqRWuk9z9DsPDw,1933
I9klG3s-47t3zVLGoMkYOA,2177
LRuIY8JFqadCSYLo242MGg,1452
N_n2jyCfpon3NzKERYT02Q,2088
PYqGWEWUH6x-BO-lIS2hPw,1115
igD5We_87JFrtaaR7bh_Xg,1395
Ae4Of0a0eUZ31pDSou9X-w,2488
QAqD40DAbYXBcw1oX3AJyw,1195
WBfPco3j27X_IBpZ_PDcUA,2303
=-JpZiiGPKOuCEiODGNyovw,1644
JPqklvIjiKX7ryMup6k7aA,2428
neGAQFkBNI8-rpPBLBzNkw,9
kMxYp2GZL5ic6b05gPP57Q,1948
6DnA9e4LHVafOyneQ2SjrA,2696
CKhtiDFAfr31jQIJrpehuw,2322
0MQ3inDAuiq43TN9hw_Rbw,766
J_SUHokYbJ5o_5x8mEoyoQ,1836
u6EUXOSFnjxvzLll4D21bA,2512
UpYva_zhJ6pRGfdTruIYIg,556
SmThJ_okG7QQzOz_Wm0Ezg,2121
zEd1SCZQb5S8nhuHA_SHZg,2545
ZShuQrMfLOmnUQbLP3dwpw,727
hCrgxGV0uilNV_tMHD-1fQ,1242
qFL3TIzGwx5qLInFbqNruQ,1524
iuQi8l6qW_EKj-ZoqYeIKg,2661
I2YFaSM6axnY2Kb89n_S6g,1135
fgVwzwERnAicqg38PawxsA,1160
7fJgNpljbi1d7wjdsPcPcw,748
_oQN89kF_d97-cWW0iO8_g,927
kiB6ByG9PYQLHmGpg5SGZw,1703
BJLoCsSp2TkHeTv00fJTVQ,173
a8yzGF79KcfyRye2R6wt3Q,965
JMjjXpNR4EAooX6jtwNEaw,1999
ieYiA4L5gk7S3kZYK0l_dg,285
tyC0LaPJo3ct_0JEkTwZxw,2256
iAYzRvyBrSkJDu_XZ-E1zQ,567
oItw_hRhH-FQjbXD-BR3Cg,1902
G24-f72eXmV4xxjoVYY1Lg,352
UNFcMOWOsr9ilM6lqXIC6w,551
E0Gi93pSbrJVnQcV8JE8RQ,1329
cXx-fHY11Se8rFHkkUeaUg,1058
jvYtJIli12VtSVF5eye6wg,2524
p4q6LcHoC-W8XoKfXNoJeQ,695
PkBqPU83bf1zArumGVHqcw,306
FltN1Hnw4n7BORXJH1kaeg,127
LINlXPAeUagT_UL2lCcH0A,2211
AjE4uM-VaGP3QPCjSjIEaw,557
vYEUEID47mgenrTBsvL9Xw,1228
_HGheM2jzKEZFqkT4kyViQ,2305
Oy3eMx32IpXVR7xy_d4peQ,1680
hvaOgvC3F9b0G1eefGlzNQ,1981
=-NOet8xJLGhX-eUzSIDc2Q,2059
JIDomCi5MbWGcKPtknFZvg,2032
XcwbN5fDlyl8qCttcdDGKA,132
ZoQAOnEFnyHjSpomtfqesA,56
BM0-dgPJMBMmcmO9PVCJfQ,646
UdEXv9VninWOB2iR0M-i7g,1169
RQlX_CgndHpH0Xm15zH7Ew,2391
LRxH8V5JaPt9mvav6F_1tg,2143
YSQnaRE4Le6CaonZICFyVQ,205
fJx0N4N0NbyHEeoDU9nH8g,1660
93fEJZYc3B-jOMaXce7G5A,2480
SbS0XQG39VgP6L6wbZ56RA,1009
zyvujnBGGpG3WWiDPkil9w,2559
YmDVXpPUpzSpzujZuYrtpg,1248
rbiRLiFTG098z9JaK3Nshw,63
N-gqIeVDebI3qgwxf1jMcw,246
ehpI2R49yR6Yb4PgQeSrnA,2644
Dt8RITU4OmTbRaKKlZm_Pg,1946
0hY0qoXHcI3czshcrZPpYg,939
5AQdjtfMzJYJe8A8rZU8Vw,1240
7_y_M5wRaSvNXt-q4xvlEQ,615
JRb-IC8MS-2rAsveFAE9CQ,897
2e1to_xZayL48779bJtR9g,1752
e0vubCKi8KD8zC2C6FdbuQ,561
hQBLiFMHKq7OvsaGCb9AZA,2756
gA5CuBxF-0CnOpGnryWJdQ,649
sL6grE_9RevOdLgCM-hGOg,2643
ib-y5nsfn3unE0lLY1vfAw,163
kvxrjOmicwb2njvXOJsZRw,325
q2SZa5g85758iW1L9sSL1g,75
CeQA6krEv4wEzutdXiRsIQ,614
3Zsjlum5kl5N5KV712aTMQ,295
5bzUWGZO13J1PsYCK14sCg,802
dzfGnIhe7ZM7s8JTazqA4A,2847
3fNGtIfuHwt0-DD9SSjO6Q,764
dnfSnHElLXntC6lWjomWPw,1245
LE-1ZOsjpPh7p95H2l5Fww,1776
SBCxhkeiaXdjXECeFn-mtw,654
aNuyJOFNrb-d71amzPpxlw,2377
yc5AH9H71xJidA_J2mChLA,991
_qTzOkbin2giDOrFsaxm8A,1438
zvaq_QjTsmo01axr6TgdXA,2748
K4_mKkDl5jrQT52EXTlcqw,2785
hvReYqE_qdIlf4OEkQxkmw,898
-1bOb2izeJBZjHC7NWxiPA,647
KBKDl08flVw1AqvM5ucVpA,1931
4sW8Z6NLXLRkruSKSKUEUw,1479
FeI75xIG8PF_XZ6P80gLBQ,1565
6TWRuHn24DL6vnW8Uyu4Vw,1511
KlT-sy8AvL8zq3nPVjMPUA,1476
FmvqqBAU_IuMk5iGp4Y0JQ,1143
sspvIv6br3Vto2s5JkeiMw,1318
u-VxYYupPzLHJph6XNUe2A,2086
4X_XAOeMw7AFkYhg3NINJA,2358
=-SS0C3OoPhVVBFCFfDWB2A,297
bNXbX9sAyRb971A0-tIPrw,2577
-4RFDwrW_OI39zA55FqDpw,2856
JaNp5Cp-Bz3D5nMuzqpAAQ,1973
xdv2kvaZodkWvTSV6pSSpA,1055
HXzOQy2IN02VIOIgY22Fkw,1682
En2GuQV7FoOGHhXX5SMEBg,315
uPGcW0cFGc15YiRCz_8taA,568
5Js9G0axfWhbYlB9UgXLww,245
Np5XWa-SL9fpboELzJmemg,2118
ZhwoNt7dU6iA_wKmwe6qQA,1987
G4ZZHlp6CdYBZOirW2_PQA,2039
nB3pytYdmzKWfNtXyfNrpQ,1514
X_J65cnN3jJWGYacyNwKGg,1098
OkrQmezVphjEnYQg7ngAbA,857
c5mGzf4ovtEglIzlXsL6rA,1671
uTW9SVXqxgjbnCTlEf9ONw,1112
GHY7UYRnMhZnQ1FSIH20wg,2015
1z24CnnIH6j0Kl1ViDtSYw,2572
DfLML2IlhUqztTBURxOAxg,422
4rcOm0NnQkBanyS5g7TSNg,88
McDRY65dB9a2hyk_bzcnkQ,453
jtzhY-P4H6WSYpv5rWhxtw,1980
2pUfZfry5F0OLI8QoqVtxg,1219
OdD1GuGNQ64ssJmMJ_D9RQ,1834
1vl4-5il_LGtDRxUCy9ldw,2234
j5HLcBru7FEirYJPbKFVWA,380
SPBZxmt8_nT30rNVnKHYKA,1587
7_w9XmNhl_l0N3jN3F-qTQ,1443
C9JmR3jZfGnW6xbPMCT3aQ,2654
1LSxfyNIUFbQb-Ej0FDGTw,925
OypZxwm-jS9QfUwgBmzeyw,218
8pc0HwU85IxFynFFdM7vrQ,611
51pLHJwvvHJJ4aoQPNRa6Q,2620
4780MrclJEFGp8MDf9_U2g,733
XMVetdmE2IzMcRbvjhVFnQ,1132
__CQhr0M-OpKdu0DXgGcaQ,707
kQwFzdwRqUV7bWiooTH9HA,2786
ljv9jlYXFm_MzI9WmXc8EA,1243
lBxBzvqWaiO4pa3YHh2dyQ,1876
ChmqODwuYP1ewjmWXtxtsg,1179
bf8T6yovdPsyH6KTwhDuRQ,2903
VF9wvcgVPDVa9LBDHPrXuw,809
XkNQVTkCEzBrq7OlRHI11Q,1427
otjJD3ZoMVQOflk4LvoFZg,381
O-kpr-VG03MGOcnHaq_1Yg,1211
4TqCyWoWmUpghIVAiSo--g,1302
e5kc0CQ4R-PCCDgb274gSg,5
0lEp4vISRmOXa8Xz2pWhbw,2104
VuPhv9CNIHLOzS2JeDwLOA,441
qkhzmBKShH9QQwh16hMxQw,1823
5WRpxAc9lvonVGfuX34hlw,1943
2J1DtN7FjGICQcgRei3jKA,323
6i1XD3mWfxUxkOf7pO1WXA,537
fVgrpVyp-nPLTac9YIjTug,244
UI5ghIUeHYxzwSfaDVUXOA,1365
m2M7X5ItFvhOC7a6B7JcDg,2471
PGC0Y5mJa3f5b73wNgEjBQ,1798
Ueq8gcirb2rSAUfTlrgXZA,1652
LYyGQgL60VKdV-p_9OxmWQ,168
MU3i2uEyUBntebU6pEyMbw,181
E0f8jFeNaL8ARG-vq3apVA,1537
oqZPXoenkQvAKQJ2pDCo0A,392
rQ4z0EStSZE4acgkne6Hmg,1510
ccC2ecxVEOF4t_kKce6f8Q,1701
Xa0S9CHh_2ySqNG9-vUdvg,2896
T8xI1f3_yHzhrquCZh07Wg,1454
Tk2dSL0TwQeI_zNJmb442A,156
tE3uoIhFGAc6-ZYM7lpjWQ,1384
JImJictLIE48_O1z-l2TGw,366
a7VUlMaB3PgeG5oDDAI1qw,2646
9UO40OsPTdXDl_hR2obOzg,659
_BhzcKojv1gjdRINe3Gkig,215
oMGhGXF_qCpM-eZSyfjOgw,2920
aUHHfCiFtGhN5R6KXCsBKw,1025
ThceQHR0yiCx5J1hbphF9g,1120
i3nnQl4pl2-ogZJdeSqWvA,2387
s87D-mtAuJ8BluKgYYsXGw,89
H6F8CVOFILdnSUQtmvy_zQ,1636
yMyScQ91HZzJjgDbSffmrA,2702
CuLdSn4wFwog-z2OMSwBCQ,2008
6dBsmlgIZhpYG4OL6J5mWA,754
74dalJbXUV6E1riFGD-AVg,2304
DKBtVEVkLJmT25aMbcvTcA,2720
NYBx4sdSVrN-I5Q8RfLMPg,71
trAvQPp7gps0Btk-2AmLpw,31
JgR9549t1KZJMFPgTtSCbA,907
EpascFEAih49O5Un4f2AFw,1691
6Q_WeP3JxYoFciwcjMStWw,776
DHk8is9rvfnATsW1AudWQg,930
kCjR5nLyphuNKnDqRjurXQ,1675
8nk--14Irg9PtpQLWg4peg,1983
sWCH3c8XxBrF7aODVgQeQw,1527
Y3MCSDGVNH3DJoy_avEkaw,2866
ntH7Mo1JZdkglMiQXZy3Bw,1543
sCv1wUWJhFmQEMw3A4lwXQ,885
GGXtuLHpWWhkUpVynhFHWw,650
BNyQIWqrxroxH-kWIXwn7g,2051
zr_0BWhRVFcv2lvOJZb6RQ,2547
B-9mkiNmeFZY2g-794MUJA,2343
mVIHgIkaLHMCdGUE2XCxvw,446
aVBebzA7D9DpQ-JbiCxQNg,343
dnon3NUcDwoJOCzIe44Xuw,2295
FTX3G2favQ3KNl3VFJPHuA,2476
Cp6JGY5YIRncTV_My9nf9g,72
-3xbryp44xhpN4BohxXDdQ,957
5uRaUf0eNyJgIdwAkIOM7Q,1471
2C-LUkc5Y6fhUpJyTNadFg,491
EjWi22gAE_cYpGs7lBPahQ,1499
W8h4bpdBGDIncWRLGxdjHA,2022
ot4Of_A9onKHoVt4XU7v5g,866
_7OvxfAje3XDZuSzguF6iA,724
kvrgvuxO6A6i9fXYaUKqcg,578
Fj73x68afXtA388ajOe3qw,2441
uAIZtyGIC1hX4i3Ukmhf6w,1742
fgHTKr4DMoano2NcVsQqJg,2530
R7YlKfLpoFDAJQB9hBcQJA,492
2r8jGeuYvMkyP2ik_X-Bxw,189
cIwMq5KNq0ASQzoTP1dE9Q,108
ar90fbRbQtiyZLtwjwwXUg,1185
podj1OWSL3oEJsOpGj8SUw,657
gw-V13MyfzFaCTbALfnn2Q,480
rkzTvFSQoylgVc2oYohuDg,1109
Fb4iTDjDDgtz3ht-SfZ9mw,1870
syxUZu1GrJv0LYnV38hMug,198
rpKxIm3WQxuTcDzcoplQZQ,1060
KBG28p3lGX17hOPoHhq5PQ,1069
x8WoC_7WHzXNmt6J13Nbvw,40
jYFhL2RomSSUiRJYWT3mew,1105
8o-NLKy_XfbJtqljX9XLCA,1335
3Gsex5Dyhnoul9l_914MGQ,1231
j1fmJ7nZBZkj25KEznQbjg,2373
dGp5V3aG5qw2RJI8tC3tBQ,2137
oCA2OZcd_Jo_ggVmUx3WVw,47
UYMYI1LU_6y4nZwc6Yb0bw,2820
ILm0LCXrDGs_5aGa83dgfQ,874
Dz7swOgFook-L89Y_M-aQA,1027
CqRoozwTWAz4ufcsiJBRSw,1564
ImVx220_Pcp2iB5uworODw,1647
kUzJp3aNxAm3Hso9LT7J4g,2763
SeqfJOg6jZGx2W1bs142cg,427
4O8NrAHjO6Tb_Xa_YT-Xjg,917
m0leozN1maqhJdi-VbQusQ,2020
H3IBlFr4WTmMupkUcX7cDA,793
Dm5K0Zvw8mqrps-jFjgIaw,2158
oPpA0LHMWJht4lMFgfYwhA,2523
zWZ6xiIRjvhvx1gRym-wlQ,2269
auUKSSOujnrS1kha7a_yIg,2642
Vvh2Hd4SsZjEEfKLNKAEWw,38
Qb0n61e_lsMmFuwwktjmjw,1515
TQhP4vCMjvX527YMxPfuUA,1067
UGGQ7pYoliseurXY1j1wdw,1867
2nRrIGYmIvLiS29FCjpLLg,2918
oX4o4a3ETz1aC9uZBlwx-Q,2273
3sEvtbe5ZLtByxBtkWcjhg,2908
RDX_MLThtKVPb22TvJh9rQ,1048
NzRgdX0hyaclilZwYHx-wg,2659
3oLy0rlzRI_xiqfQHqC4_g,1891
GcStGLZRzfWqlGaxTrVX7Q,1807
5ipAMcjec7GH7tztXYLTgQ,2367
BESmH-lmMm34_EefL8X9fQ,13
e3izESeW0BUx0s96FdSLag,1050
BbasiqJzUlZtldb0r7RvBQ,1924
Rn7l6kmHk4cPA83uUGliNQ,2794
mqY2yL4G_BNF8wFZCTM7jQ,2680
9yKzy9PApeiPPOUJEtnvkg,1276
uFwC7N9APy8oTjhda3p9lw,1744
nBrD6TxddhHx4FhMk32JvQ,518
32mcDl1jtka5KviXmAK02w,2765
FlZ5dTvuoPls8OuXfUAwqg,1315
GeHwru6TVDyVErFc92Nn2w,1626
v3VHHliT2rvWT0id5QiAgQ,1689
mWTFbL-ilQiQ9iQwPnViQw,2073
WRjMDL79KQ0ZG5yCdfJiYA,2254
ihMUU9D2mcgrp7fi8lmqJg,1637
18TUn9oiW0k0yB6lheiOvw,152
5ambRqdTJt9vGwFzVI9HBw,1917
nKrUueeLiIAeMH8nGhdh3A,690
JW6fDZOuUKtJyZGeldh0xA,1551
gKqsv37BaAT_jxfWgDlmVg,603
mW8B1zfP00peHsOskq5GEw,626
SMj1ftwAchnNfGle-IuNqQ,1236
hnOGdF42m6Cwuuh5iuaXbA,777
NXygZ11nrcGjyHUke7f_tw,2883
H61Oufiiwyt_ElSrw-WGyA,458
kCH4JxdKdwDfJdNFElSHzg,1338
C-frmXCGIhmmu0FP17GhRQ,2328
9jxTDo6Ht8RglcAgfrvSXg,2768
B47dTeqasE9UnrdaWxeBuw,2290
uVmXLy5PxF1fdHpYwUtx-Q,2599
K-FzqJUj6YpSLC_fyJRnlA,2096
PftJwh5vis0VZWrrotfhvw,2915
GBN0-wo_cHLnC_pwoOTIFQ,528
619v4z_tj2NiZWuX1tPdrw,1100
-87qtIfyeyYR_YU3mPl1pA,1835
cOUS79i4vltKIc_hy4OZBg,1006
qr1u2QOYqR_53oUJQWgftQ,1536
OYmi0Aanp2F1pPCvfe6CDw,1556
nNKUkjTaGWW3I3XkpHF5Hg,1678
lbECi2rbJPZWzHdmrC9xAA,494
eressGqUoS0tapol9bv-CA,689
jw-etWMob2A07geTAVkgEw,309
EQa5xeZQ7QWMy3kr0AAg5Q,1269
W-9YqWhkfeK-K3xGFvFeuw,1868
E3RjJH45EX6rHYDs0TYSRA,1040
EN5U0iGVbZINmi5b3is5gw,2528
EpMJN657-oA9rINT4i9LcQ,1290
po98_MmbuoJHKgDZTn9AkQ,2261
DnA5Ec7DOvaaCxmnLx2iYw,2317
Cse5FvYuACIxljwaac2SZg,2004
0LLaVEXjtW0aW0FzU9uRoA,680
XQM004tccGb-zLz4huUKQg,721
Y-PnvV-q4HYLIy19ubVmXQ,1608
LYCaveWFti6kUHpMzYKLjA,2265
Y3a3RkR97J_ReiKgiMXeJg,294
5D5DLnLMYiIt2ztgp6rTqA,2741
kf-nMhXviwpAPL4WjpmwNQ,2816
WxpCYziMlEy8mrEa_VcB1w,424
wiNH-zH233_zQXKLMVlqeQ,1755
=-zcZNlO0JwZHppan8rGkBQ,1039
hZGr-D_hHtCqUul0mXTQ3A,2729
4mZ__NR8jLD1k0rYpSbplA,378
6HAKrJvqrwyL-ZhyDX2JNQ,904
9ziO3NpoNTKHvIKCBFB_fQ,1483
Jw1ucgEz9SlUKK7_7sqOdw,459
1kMR_HUA8i-wYOJFZfLhBA,1775
1_43FZHx3P5D7X-CpIR9WA,1951
DL5AAHTwUeWCOR1e-UvIzQ,2892
rHaIakUF5MpRNMw752NajQ,1363
saON8-nDZi5W64u1xGtmPA,2160
XcdNfN9ltk86DOZvbczvWA,2679
7SO_rX1F6rQEl-5s3wZxgQ,1016
ufD1e1Fxgin3W0oOf3W5og,1314
oMw1SaH_zEbOOufTsGuk6w,1066
2FudHUhV9U54dm0S1ePuCw,1114
eWbC_7Rn5HDjEx-Y8CJXuw,1201
v3_CQRKezq3JdX-xxWambA,1809
I4bSn5gXsHuSPu7L-d_8nQ,1921
yOpKODeyfVYj3rCDQP3VuA,2808
h1kwVr1eTpBK0rWfcm5QSg,1858
_LROw6bEGWdOxM6qMlHiUA,2830
NVqLUZ7Vb9B_0RJm_BS64g,219
hD3zcn9axxQvyX2FajKaCw,2532
Fg5VkQsHRm7V1Hq9GEsUBg,1456
7TbSJdJVo_6Fz43nNvMq6g,630
0De3TQ_uSOXwgduKL0va3w,67
-j3BF7gOIi-1tAHoFA3WIw,1595
19hZVXTJ8nGUMBsuIfgm5g,434
dGcVT0WGenhh8Np76ta6AA,553
Fa-zUFfIMIke1QLeeWT_6g,2085
4NPD3ecBbUdfcS9FAuwJIA,2240
OllL0G9Kh_k1lx-2vrFDXQ,1724
49bc688EMaGMNzQvKHVe1Q,2221
srElnEXI8Qq7DpHquTI8HQ,616
Pv1H9KIGZTDgSaCDuTUjdQ,337
tNdb_01AHU3O1_ISE2Mf1w,864
Jak5p86l1uH0ZJLkarAdfg,2627
x-YyGmE9tIXAUdg_4Py5KA,460
lzS66BeoLL0GRn1KrlmmFg,1047
Cdnp0HbJ4wVlzffuueG45w,855
cLojUtqkFpVIHFEvA_5Atw,1380
DDXGKv33cqCV00jwSPldSA,2473
FePbFHe0ez0aYdtXpeCMQA,2749
LaUwJQL7M4WA9dXc_sYPtg,1747
xIdyiVoX5woL8iKHYKoiWw,1440
qGuI5WK7-MVnPA6o2DGBAA,622
_5qkBSljHlRo5B9GQLDp3w,1632
X0BsBdPGAyo9gLPIRJ9PFw,1829
Ane4XcpP7aWzhjd8SGiciQ,1005
JB9zRTOKSS1ApkF1T7_khw,1688
lQSMn_SAIy5aBEKkqRtVYw,2101
XHr5mXFgobOHoxbPJxmYdg,1563
iNvY0zAlaD_ye7Z6rHu-Ug,263
snAVeziqOvetlqrHPLJV9A,731
9nC58L8jwheiihZfc3poJA,1284
lcQW0jZ3AeP68hkQFnEAuQ,2544
immAndhZ-o1qrlFrIw8YjQ,1625
VXivZOUYeKBFFab9JVHOSA,1239
mSso4OtVKrLn4-BVdwAGwA,2321
S3FhtwXuiGMlGdBNtmiiSQ,522
FTekm-M_dJBJsCcI8fhhmA,2778
=-f5EhKQb7jPtDl1eYDwV0w,1257
4T-oySmxM_-ojR_nTqF7pA,411
W9KQvVwD7AxDjh7eGQsDnQ,444
ql12LAdBdaqT3-zuRU6QHA,2645
wngi59KtCh8cy7o4crWj0A,2631
VtHKaOSOPhZqDGf85X1oiw,1707
8Jg4S5r79dh0l3rIbpVBcg,2440
XHzZgNmJFVHeT3unDg2Qig,2565
QEytIMqL_i4VETkP_kqePQ,483
r67TiLEb5K1nnacFCEQ0jQ,808
S4QCUx-ldX7mEew9n38eWQ,1746
NkGQRN6ahwQoFEAlHq8NHg,2315
TFnZEuATbs0jRqr3Z_t6Pg,875
JHUcIssf3crggsVxfQ8q8w,1693
NR_8LIX-oG50jUQpziBnWQ,2363
XJbfnkVL73cAALPncbYyVg,2760
gFGldPLVQdqbHQodU5TeUw,1141
I6lnbOahIb_2SxdcuDOuzQ,2447
NX5YHSIyesufcsI7Rg5NLg,512
_EdSQOkATuCtZ5y5A2m0rw,1171
Gw8DsQQCO5m1hggXqwynFg,1297
mTjHcl-pkNO4iOKY8rVHPw,642
rRsAuY4e9T5EscglUSRU6w,2766
rcTyyT6mKXhG9mVZBis25Q,1795
R6aazv8FB-6BeanY3ag8kw,68
U_CvxSM9epIi8u5A0jOUVw,1262
TnkxapUN4nWMz_z5h3qMYg,1715
1B5vpxnZYXKil_k5d5MpEQ,820
BLVGxzJMxu8SKM_ZoEonPw,954
cIk8OYlSsNE0w_elgUtqWw,2345
zeusASVuHqespmf4dWBSeg,2755
Lk-FP6yxYRTcU52SaTx2EA,521
kOLyU95VflUBeyh3LEvruQ,1616
cPmbPQepAatet3QMUZaSeg,903
JRa9McAeE1W7XyoLNaGI3g,674
uptdn_hZsuJOCp5WCKJxjQ,804
9c8Q6sAWAL1MCRzJ7INQkg,2552
FBuNLiL2KILEQ9e8SbNWPw,469
PzbEhqo8uz2D-3OchHIPzQ,645
vJPehU-xd1p_-L0O7IwTjQ,767
yBbqiCdOdiSz3QOaZu6cGg,1639
sCa3a9H2Wz-HPL4NC8D3xA,2018
4meJyPOhuAKzywUJTmu2hw,587
LQGQ1w4pYrf5in6LrU0BlQ,679
wbndBnssRoL2DM8sd8OaMA,2665
358EZJ3WFHId1_ZClU4zDQ,2350
oiLe3lqMFaZtsSpRuIUChw,741
k8JnZBspVOI8kLcQek-Chw,981
v7pdhN99iD4cphcb-6JHVQ,1051
EjdHWoYUsYIglMuFJFa4rg,1721
mFBBtUrWMqikBS-Jn-RiIw,2397
0AZiq_OMKs3I9lTmwd5PSg,1663
3ed5LXW0Tqdhxdl8V6NPvw,710
Pg8OPh1D2ws0xO-I-8ppoA,1961
q87ZzD_fNl5wtFoj8rbWbA,1216
xEwujSrjqGK_dWJ28YSQiQ,705
_IE5XDjxeM47NSzhg7sItg,314
OmxAvtMyIvCVm16NFIOOUA,563
qjmCVYkwP-HDa35jwYucbQ,1500
yN5MaHx7AGNhLMgUaQu0cA,1779
3fY0Hkcx9GM5HIQxDMWPIg,2655
AXok1a8w0gNhdrWZ7L633g,2205
_gXpjRIjb5fv5f5IVGXvsw,84
jnYXh397aNwrkffOa8zoOA,2664
PguCVBmsnwHApS8VbSWyFQ,2199
ZRqpSeZEw6sy8r01TdCudQ,470
Xo9Im4LmIhQrzJcO4R3ZbA,69
psZF-7maJzwhtfesiSrACA,683
hqVbmZNLTdR2y7G7oJu9vg,277
CNvPqN9pa5aJRn-Npcqgdg,672
2VU7F1oqCxpVPVlvpwvacw,1986
aZFihxH7QGWeIXw8uw_xDg,2111
fE-Hk0EE5GuSYNIAfx0iUQ,1925
Pju_pKfvEnUYV9wMVNsacg,1526
kktQXaj7zI_PGkH6SR2YPg,451
RcufSDfRpeaxLm875axrDQ,831
D7d-X4fLvVIdsCDFGpqzmg,2484
d5UL7UjVnbJs8aiKzTCveg,2921
jSS1Bjb_xgMVAPyrdcTfyw,2821
CV4DDFG6tII-ehzaWPXK4g,1457
IheYoy35P3l11BQ1pNA9pg,2683
5jpFRzXrx9FGH8qgQ0z9-A,1893
V5w1ThWfQdolgzIL3rWPTg,1772
3Y4Bd9eWVMsgejx2bP3MVw,1896
Bjl0Y7U3pIGtx23fQduA4w,428
iins67bZVJeDrjiOTZh8DQ,916
mE31SR1RhKsAeo4MK1ra6g,2435
25JT5gNeZ782lP1cHTbKFg,2230
pLFxPgDiBJwJqgKlEEVw1g,2351
EWnSPExh_T5zTv6oMJOC5g,547
D91dby6NHj13Cp7cDIj4TQ,852
uDicKGHnyZlFvCSoHrvV6w,531
RA7SHeNDBqZkoM0XspKGxw,2297
Hi1eTIyZ9QA3RATHrVVl7g,2452
ZZC4cT0Jlfn8kmjgRPnwCA,2832
sH17KGxbMVrlr66n92Qh8g,1144
bzQPFOLLxuwx7K7dw8j7Zw,1979
7SoGPn8dvce7A1aHdBOGLA,257
3yMneVFhBePIBtCGdboc7Q,770
0ANCSsUU-kJijIe335ITpw,2747
1-40wS09HcJnJIKRVWRL6g,1200
XK5hwOMD3M-cjGVBsEmrIw,1495
dn9sB0Kok8cnkDhpcl7YCg,1603
A5MadrE5Dd_usQUEKmW5pg,2348
Z8rpy16qv2uzZsNHm7N9cg,1127
KGkibe5u-FynXVvC3CsNbg,2881
os_r5fCkmjeP980CLv20MQ,908
HpeN3WKXguTw1Zg7LDAs4Q,2602
yh01KxH3_IVI3zn3MV3N2A,2080
A-ZhvQa5A-XSqZB3HH6TVw,662
BgkM4eq-n2y_E0IujSpQwQ,533
9NT8Ne1DICkv0ebX-gVK5g,1277
4SwDarJGXaUPGv8QpmpHxQ,377
jMzuQy104M0KU6uhdffsaQ,1525
W8WyVVxinyRjzP8gJa7ILg,135
tFPN713LPJi7MQpErUCKmw,2639
QsvRjgQacMMFf8dit7qqDw,21
uBE07bU2QxgJ5jAMjPj2jA,2497
1u7efaCGEjHA6ClM9VjYBw,2805
R5lWUn-VK5A-RIKwYSB68A,2049
99sCwDPUWx_b-n-d6sZ0CA,2539
CFaRVxsnN4Zjf28cbORKIA,968
QpWBVqsrJSXf7blGQEP9WQ,1968
